1,0.01,0.01,0.01,0.01,0.01,0.01,0.01,0.01,0.01,0.01,0.01,0.01,0.01,0.01,0.01,0.01,0.01,0.01,0.01,0.01,0.01,0.01,0.01,0.01,0.01,0.01,0.01,0.01,0
1,0.505,0.01,0.01,0.01,0.01,0.01,0.01,0.01,0.01,0.01,0.01,0.01,0.01,0.01,0.01,0.01,0.01,0.01,0.01,0.01,0.01,0.01,0.01,0.01,0.01,0.01,0.01,0.005,0
1,0.505,0.2575,0.01,0.01,0.01,0.01,0.01,0.01,0.01,0.01,0.01,0.01,0.01,0.01,0.01,0.01,0.01,0.01,0.01,0.01,0.01,0.01,0.01,0.01,0.01,0.01,0.0075,0.005,0
1,0.62875,0.2575,0.13375,0.01,0.01,0.01,0.01,0.01,0.01,0.01,0.01,0.01,0.01,0.01,0.01,0.01,0.01,0.01,0.01,0.01,0.01,0.01,0.01,0.01,0.01,0.00875,0.0075,0.00375,0
1,0.62875,0.38125,0.13375,0.071875,0.01,0.01,0.01,0.01,0.01,0.01,0.01,0.01,0.01,0.01,0.01,0.01,0.01,0.01,0.01,0.01,0.01,0.01,0.01,0.01,0.009375,0.00875,0.00625,0.00375,0
1,0.690625,0.38125,0.226563,0.071875,0.0409375,0.01,0.01,0.01,0.01,0.01,0.01,0.01,0.01,0.01,0.01,0.01,0.01,0.01,0.01,0.01,0.01,0.01,0.01,0.0096875,0.009375,0.0078125,0.00625,0.003125,0
1,0.690625,0.458594,0.226563,0.13375,0.0409375,0.0254688,0.01,0.01,0.01,0.01,0.01,0.01,0.01,0.01,0.01,0.01,0.01,0.01,0.01,0.01,0.01,0.01,0.00984375,0.0096875,0.00875,0.0078125,0.00546875,0.003125,0
1,0.729297,0.458594,0.296172,0.13375,0.0796094,0.0254688,0.0177344,0.01,0.01,0.01,0.01,0.01,0.01,0.01,0.01,0.01,0.01,0.01,0.01,0.01,0.01,0.00992188,0.00984375,0.00929688,0.00875,0.00710938,0.00546875,0.00273437,0
1,0.729297,0.512734,0.296172,0.187891,0.0796094,0.0486719,0.0177344,0.0138672,0.01,0.01,0.01,0.01,0.01,0.01,0.01,0.01,0.01,0.01,0.01,0.01,0.00996094,0.00992188,0.00960937,0.00929688,0.00820313,0.00710938,0.00492188,0.00273437,0
1,0.756367,0.512734,0.350313,0.187891,0.118281,0.0486719,0.0312695,0.0138672,0.0119336,0.01,0.01,0.01,0.01,0.01,0.01,0.01,0.01,0.01,0.01,0.00998047,0.00996094,0.00978516,0.00960937,0.00890625,0.00820313,0.0065625,0.00492188,0.00246094,0
1,0.756367,0.55334,0.350313,0.234297,0.118281,0.0747754,0.0312695,0.0216016,0.0119336,0.0109668,0.01,0.01,0.01,0.01,0.01,0.01,0.01,0.01,0.00999023,0.00998047,0.00988281,0.00978516,0.0093457,0.00890625,0.00773438,0.0065625,0.00451172,0.00246094,0
1,0.77667,0.55334,0.393818,0.234297,0.154536,0.0747754,0.0481885,0.0216016,0.0162842,0.0109668,0.0104834,0.01,0.01,0.01,0.01,0.01,0.01,0.00999512,0.00999023,0.00993652,0.00988281,0.00961426,0.0093457,0.00854004,0.00773438,0.00612305,0.00451172,0.00225586,0
1,0.77667,0.585244,0.393818,0.274177,0.154536,0.101362,0.0481885,0.0322363,0.0162842,0.0133838,0.0104834,0.0102417,0.01,0.01,0.01,0.01,0.00999756,0.00999512,0.00996582,0.00993652,0.00977539,0.00961426,0.00907715,0.00854004,0.00733154,0.00612305,0.00418945,0.00225586,0
1,0.792622,0.585244,0.429711,0.274177,0.18777,0.101362,0.0667993,0.0322363,0.0228101,0.0133838,0.0118127,0.0102417,0.0101208,0.01,0.01,0.00999878,0.00999756,0.00998169,0.00996582,0.00987061,0.00977539,0.00942627,0.00907715,0.00820435,0.00733154,0.0057605,0.00418945,0.00209473,0
1,0.792622,0.611166,0.429711,0.30874,0.18777,0.127285,0.0667993,0.0448047,0.0228101,0.0173114,0.0118127,0.0109668,0.0101208,0.0100604,0.00999939,0.00999878,0.00999023,0.00998169,0.00992615,0.00987061,0.00964844,0.00942627,0.00881531,0.00820435,0.00698242,0.0057605,0.00392761,0.00209473,0
1,0.805583,0.611166,0.459953,0.30874,0.218012,0.127285,0.0860446,0.0448047,0.031058,0.0173114,0.0141391,0.0109668,0.0105136,0.0100601,0.0100296,0.00999481,0.00999023,0.00995819,0.00992615,0.00978729,0.00964844,0.00923187,0.00881531,0.00789886,0.00698242,0.00545502,0.00392761,0.00196381,0
1,0.805583,0.632768,0.459953,0.338983,0.218012,0.152029,0.0860446,0.0585513,0.031058,0.0225986,0.0141391,0.0123264,0.0105135,0.0102716,0.0100275,0.0100099,0.0099765,0.00995819,0.00987274,0.00978729,0.00950958,0.00923187,0.00856537,0.00789886,0.00667694,0.00545502,0.00370941,0.00196381,0
1,0.816384,0.632768,0.485876,0.338983,0.245506,0.152029,0.10529,0.0585513,0.040575,0.0225986,0.0174625,0.0123263,0.011299,0.0102705,0.0101408,0.010002,0.00998405,0.00992462,0.00987274,0.00969116,0.00950958,0.00903748,0.00856537,0.00762115,0.00667694,0.00519318,0.00370941,0.00185471,0
1,0.816384,0.65113,0.485876,0.365691,0.245506,0.175398,0.10529,0.0729324,0.040575,0.0290187,0.0174624,0.0143807,0.0112984,0.0107199,0.0101362,0.0100624,0.0099633,0.0099284,0.00980789,0.00969116,0.00936432,0.00903748,0.00832932,0.00762115,0.00640717,0.00519318,0.00352394,0.00185471,0
1,0.825565,0.65113,0.50841,0.365691,0.270544,0.175398,0.124165,0.0729324,0.0509756,0.0290187,0.0216997,0.0143804,0.0125503,0.0107173,0.0103911,0.0100498,0.0099954,0.0098856,0.00980978,0.00958611,0.00936432,0.00884682,0.00832932,0.00736824,0.00640717,0.00496555,0.00352394,0.00176197,0
1,0.825565,0.666988,0.50841,0.389477,0.270544,0.197355,0.124165,0.0875703,0.0509756,0.0363376,0.0216995,0.017125,0.0125488,0.0114707,0.0103835,0.0101933,0.00996768,0.00990259,0.00973585,0.00958705,0.00921646,0.00884682,0.00810753,0.00736824,0.0061669,0.00496555,0.00336376,0.00176197,0
1,0.833494,0.666988,0.528232,0.389477,0.293416,0.197355,0.142463,0.0875703,0.061954,0.0363376,0.0267313,0.0171242,0.0142979,0.0114662,0.010832,0.0101756,0.0100479,0.00985177,0.00974482,0.00947616,0.00921693,0.00866199,0.00810753,0.00713721,0.0061669,0.00476533,0.00336376,0.00168188,0
1,0.833494,0.680863,0.528232,0.410824,0.293416,0.217939,0.142462,0.102208,0.0619539,0.0443427,0.0267309,0.0205146,0.0142952,0.0125649,0.0108209,0.01044,0.0100137,0.00989638,0.00966396,0.00948088,0.00906908,0.00866223,0.0078996,0.00713721,0.00595127,0.00476533,0.00322361,0.00168188,0
1,0.840432,0.680863,0.545844,0.410824,0.314382,0.217939,0.160074,0.102208,0.0732755,0.0443424,0.0324286,0.020513,0.0165398,0.012558,0.0115024,0.0104173,0.0101682,0.00983882,0.00968863,0.00936652,0.00907155,0.00848434,0.00789972,0.00692544,0.00595127,0.00458744,0.00322361,0.0016118,0
1,0.840432,0.693138,0.545844,0.430113,0.314382,0.237228,0.160074,0.116675,0.0732753,0.052852,0.0324277,0.0244842,0.0165355,0.0140211,0.0114877,0.0108353,0.0101281,0.0099284,0.00960267,0.00938009,0.00892543,0.00848564,0.00770489,0.0069255,0.00575644,0.00458744,0.00309962,0.0016118,0
1,0.846569,0.693138,0.561625,0.430113,0.33367,0.237228,0.176951,0.116675,0.0847633,0.0528515,0.0386681,0.0244816,0.0192526,0.0140116,0.0124282,0.0108079,0.0103819,0.00986536,0.00965424,0.00926405,0.00893286,0.00831516,0.00770557,0.00673066,0.00575647,0.00442803,0.00309962,0.00154981,0
1,0.846569,0.704097,0.561625,0.447648,0.33367,0.255311,0.176951,0.130857,0.084763,0.0617157,0.0386666,0.0289604,0.0192466,0.0158404,0.0124097,0.011405,0.0103366,0.010018,0.00956471,0.00929355,0.0087896,0.00831922,0.00752291,0.00673102,0.00557935,0.00442804,0.00298892,0.00154981,0
1,0.852048,0.704097,0.575872,0.447648,0.351479,0.255311,0.193084,0.130857,0.0962865,0.0617148,0.045338,0.0289566,0.0224004,0.0158282,0.0136227,0.0113732,0.0107115,0.00995066,0.0096558,0.00917716,0.00880638,0.00815626,0.00752512,0.00655113,0.00557953,0.00428413,0.00298893,0.00149446,0
1,0.852048,0.71396,0.575872,0.463676,0.351479,0.272282,0.193084,0.144685,0.0962859,0.0708123,0.0453357,0.0338692,0.0223924,0.0180116,0.0136007,0.0121671,0.0106619,0.0101837,0.00956391,0.00923109,0.00866671,0.00816575,0.00735369,0.00655232,0.00541763,0.00428423,0.0028893,0.00149446,0
1,0.85698,0.71396,0.588818,0.463676,0.367979,0.272282,0.208483,0.144685,0.107749,0.0708108,0.0523407,0.033864,0.0259404,0.0179965,0.0150893,0.0121313,0.0111754,0.0101129,0.00970738,0.00911531,0.00869842,0.0080102,0.00735904,0.00638566,0.00541828,0.00415346,0.00288935,0.00144465,0
1,0.85698,0.722899,0.588818,0.478398,0.367979,0.288231,0.208483,0.158116,0.107748,0.0800447,0.0523374,0.0391406,0.0259303,0.0205149,0.0150639,0.0131324,0.0111221,0.0104414,0.00961411,0.0092029,0.00856275,0.00802873,0.00719793,0.00638866,0.00526956,0.00415381,0.00279906,0.00144467,0
1,0.86145,0.722899,0.600649,0.478398,0.383315,0.288231,0.223174,0.158116,0.11908,0.0800426,0.0595927,0.0391339,0.0298277,0.0204971,0.0168236,0.013093,0.0117869,0.0103681,0.00982215,0.00908843,0.00861582,0.00788034,0.00720869,0.00623375,0.00527123,0.00403431,0.00279924,0.00139953,0
1,0.86145,0.731049,0.600649,0.491982,0.383315,0.303244,0.223173,0.171127,0.119079,0.0893365,0.0595882,0.0447102,0.0298155,0.0233257,0.0167951,0.0143053,0.0117306,0.0108045,0.00972827,0.00921898,0.00848439,0.00791225,0.00705704,0.00623996,0.00513403,0.00403524,0.00271692,0.00139962,0
1,0.865525,0.731049,0.611515,0.491982,0.397613,0.303244,0.237186,0.171126,0.130232,0.0893337,0.0670234,0.0447019,0.0340179,0.0233053,0.0188155,0.0142628,0.0125549,0.0107294,0.0100117,0.00910633,0.00856562,0.00777072,0.00707611,0.00609554,0.0051376,0.00392547,0.00271743,0.00135846,0
1,0.865525,0.73852,0.611515,0.504564,0.397613,0.317399,0.237185,0.183709,0.13023,0.0986276,0.0670178,0.0505206,0.0340036,0.0264167,0.018784,0.0156852,0.0124961,0.0112833,0.00991787,0.00928868,0.00843852,0.00782086,0.00693313,0.00610685,0.0050105,0.00392752,0.00264197,0.00135871,0
1,0.86926,0.73852,0.621542,0.504564,0.410982,0.317399,0.250554,0.183707,0.141168,0.0986238,0.0745741,0.0505107,0.0384687,0.0263938,0.0210509,0.0156401,0.0134842,0.011207,0.010286,0.0091782,0.00855477,0.00768582,0.00696386,0.00597182,0.00501718,0.00382624,0.00264311,0.00132098,0
1,0.86926,0.745401,0.621542,0.516262,0.410982,0.330768,0.250553,0.195861,0.141166,0.107871,0.0745672,0.0565214,0.0384522,0.0297598,0.0210169,0.0172676,0.0134235,0.0118851,0.0101926,0.00942039,0.00843201,0.00775932,0.00682882,0.00599052,0.00489903,0.00383015,0.00257361,0.00132156,0
1,0.872701,0.745401,0.630831,0.516262,0.423515,0.330767,0.263314,0.195859,0.151866,0.107866,0.0821962,0.0565097,0.0431406,0.0297346,0.0235137,0.0172202,0.0145764,0.0118081,0.0106528,0.0093123,0.00858985,0.00763041,0.00687492,0.00586392,0.00491034,0.00373632,0.00257585,0.0012868,0
1,0.872701,0.751766,0.630831,0.527173,0.423515,0.343415,0.263313,0.20759,0.151863,0.117031,0.0821881,0.0626684,0.0431222,0.0333271,0.0234774,0.019045,0.0145141,0.0126146,0.0105602,0.0096213,0.00847136,0.00773239,0.00674717,0.00589263,0.00480012,0.00374309,0.00251156,0.00128793,0
1,0.875883,0.751766,0.63947,0.527173,0.435294,0.343414,0.275502,0.207588,0.162311,0.117026,0.0898498,0.0626551,0.0479978,0.0332998,0.0261861,0.0189958,0.0158298,0.0125372,0.0111179,0.00951577,0.00867684,0.00760926,0.00681251,0.00577364,0.00481786,0.00365584,0.00251551,0.00125578,0
1,0.875883,0.757676,0.639469,0.537382,0.435293,0.355398,0.275501,0.218907,0.162307,0.12608,0.0898403,0.0689238,0.0479775,0.0370919,0.0261478,0.0210079,0.0157665,0.0134739,0.0110265,0.00989739,0.00856252,0.00774468,0.00669145,0.00581518,0.00471474,0.00366669,0.00245581,0.00125776,0
1,0.878838,0.757676,0.647529,0.537381,0.44639,0.355397,0.287152,0.218904,0.172493,0.126074,0.097502,0.0689089,0.0530079,0.0370626,0.0290499,0.0209571,0.0172409,0.0133965,0.0116856,0.00979449,0.00882103,0.00762699,0.00677993,0.0057031,0.00474093,0.00358528,0.00246222,0.00122791,0
1,0.878838,0.763184,0.647529,0.546959,0.446389,0.366771,0.287151,0.229823,0.172489,0.134998,0.0974912,0.0752549,0.0529858,0.0410289,0.0290099,0.0231454,0.0171768,0.0144633,0.0115955,0.0102533,0.00871074,0.00780048,0.00666504,0.00576043,0.00464419,0.00360158,0.00240659,0.00123111,0
1,0.881592,0.763183,0.655072,0.546959,0.456865,0.36677,0.298297,0.22982,0.18241,0.13499,0.105126,0.0752385,0.0581419,0.0409978,0.0320872,0.0230933,0.0188043,0.0143861,0.0123583,0.0101531,0.0090269,0.00768789,0.00678046,0.00565461,0.004681,0.00352539,0.00241634,0.0012033,0
1,0.881592,0.768332,0.655071,0.555968,0.456865,0.377581,0.298295,0.240354,0.182405,0.143768,0.105114,0.0816341,0.0581182,0.0451145,0.0320456,0.0254457,0.0187397,0.0155813,0.0122696,0.0106926,0.0089205,0.00790368,0.00667125,0.00573073,0.00459,0.00354867,0.00236434,0.00120817,0
1,0.884166,0.768332,0.66215,0.555968,0.466775,0.37758,0.308967,0.24035,0.192061,0.14376,0.112701,0.0816162,0.0633743,0.0450819,0.0352801,0.0253927,0.0205135,0.0155047,0.013137,0.0105951,0.00929814,0.00779588,0.00681721,0.00563063,0.0046397,0.00347717,0.00237842,0.00118217,0
1,0.884166,0.773158,0.66215,0.564462,0.466774,0.387871,0.308965,0.250514,0.192055,0.152381,0.112688,0.0880378,0.063349,0.0493272,0.0352373,0.0278968,0.0204487,0.0168252,0.0130499,0.0112175,0.00919547,0.00805767,0.00671325,0.00572845,0.0045539,0.00350906,0.00232967,0.00118921,0
1,0.886579,0.773158,0.66881,0.564462,0.476167,0.387869,0.319193,0.25051,0.201448,0.152371,0.120209,0.0880185,0.0686825,0.0492931,0.038612,0.027843,0.022361,0.0167493,0.0140214,0.0111227,0.00963761,0.00795436,0.00689306,0.00563358,0.00461876,0.00344179,0.00234914,0.00116484,0
1,0.886579,0.777695,0.66881,0.572488,0.476166,0.39768,0.31919,0.26032,0.201441,0.160829,0.120195,0.094446,0.0686558,0.0536473,0.0385681,0.0304865,0.0222961,0.0181912,0.013936,0.0118295,0.00953852,0.00826534,0.00679397,0.00575591,0.00453768,0.00348395,0.00230331,0.00117457,0
1,0.888847,0.777694,0.675092,0.572488,0.485084,0.397678,0.329,0.260315,0.210574,0.160818,0.127637,0.0944253,0.0740466,0.0536119,0.0420669,0.0304321,0.0243389,0.018116,0.0150104,0.0117372,0.0100474,0.00816624,0.00701062,0.00566582,0.00461993,0.0034205,0.00232926,0.00115166,0
1,0.888847,0.781969,0.675091,0.580088,0.485083,0.407042,0.328996,0.269787,0.210566,0.169106,0.127622,0.100842,0.0740186,0.0580568,0.042022,0.0332029,0.0242741,0.0196746,0.0149266,0.0125289,0.00995174,0.00852902,0.00691603,0.00581528,0.00454316,0.00347459,0.00228608,0.00116463,0
1,0.890985,0.781969,0.681029,0.580087,0.493565,0.407039,0.338415,0.269781,0.219446,0.169094,0.134974,0.10082,0.0794493,0.0580203,0.0456298,0.033148,0.0264388,0.0196004,0.0161018,0.0124392,0.010529,0.00843389,0.00717215,0.0057296,0.00464494,0.00341462,0.00231961,0.00114304,0
1,0.890985,0.786007,0.681028,0.587297,0.493563,0.41599,0.33841,0.278931,0.219438,0.17721,0.134957,0.107212,0.0794202,0.0625396,0.0455842,0.0360343,0.0263742,0.0212703,0.0160198,0.0133154,0.0104365,0.00885055,0.00708174,0.00590854,0.00457211,0.00348227,0.00227883,0.00115981,0
1,0.893003,0.786006,0.686652,0.587296,0.501643,0.415987,0.34746,0.278924,0.22807,0.177197,0.142211,0.107189,0.0848756,0.0625022,0.0492869,0.0359792,0.0286523,0.021197,0.0172928,0.0132282,0.011083,0.00875914,0.00737955,0.00582692,0.00469541,0.00342547,0.00232104,0.00113941,0
1,0.893003,0.789828,0.686651,0.594147,0.501641,0.424552,0.347455,0.287765,0.228061,0.185141,0.142193,0.113543,0.0848454,0.0670813,0.0492407,0.0389696,0.0285881,0.0229725,0.0172126,0.0141879,0.0109936,0.00923125,0.00729303,0.00603748,0.0046262,0.00350822,0.00228244,0.00116052,0
1,0.894914,0.789827,0.691987,0.594146,0.50935,0.424548,0.356158,0.287758,0.236453,0.185127,0.149342,0.113519,0.0903123,0.067043,0.0530254,0.0389144,0.0309711,0.0229003,0.0185802,0.0141031,0.0117096,0.00914334,0.00763436,0.00595961,0.00477285,0.00345432,0.00233437,0.00114122,0
1,0.894913,0.793451,0.691986,0.600669,0.509347,0.432754,0.356153,0.296306,0.236442,0.192897,0.149323,0.119827,0.0902811,0.0716688,0.0529787,0.0419983,0.0309074,0.0247756,0.0185017,0.0151449,0.0116232,0.00967197,0.00755148,0.00620361,0.00470697,0.00355361,0.00229777,0.00116719,0
1,0.896725,0.79345,0.69706,0.600667,0.516711,0.43275,0.36453,0.296298,0.244602,0.192883,0.156362,0.119802,0.095748,0.0716299,0.0568336,0.041943,0.0333869,0.0247045,0.0199603,0.0150625,0.0124084,0.00958735,0.00793779,0.00612922,0.00487861,0.00350237,0.0023604,0.00114888,0
1,0.896725,0.796892,0.697058,0.606885,0.516708,0.440621,0.364524,0.304566,0.24459,0.200482,0.156342,0.126055,0.095716,0.0762908,0.0567865,0.0451103,0.0333238,0.0266736,0.0198835,0.0161843,0.0123249,0.0101731,0.00785829,0.0064082,0.00481579,0.0036195,0.00232563,0.0011802,0
1,0.898446,0.796892,0.701889,0.606883,0.523753,0.440616,0.372593,0.304557,0.252524,0.200466,0.163269,0.126029,0.101173,0.0762512,0.0607005,0.0450551,0.0358919,0.0266036,0.021429,0.0161042,0.0131787,0.0100916,0.00829065,0.00633704,0.00501385,0.00357071,0.00239985,0.00116281,0
1,0.898446,0.800168,0.701888,0.612821,0.52375,0.448173,0.372587,0.312558,0.252512,0.207896,0.163248,0.132221,0.10114,0.0809367,0.0606532,0.0482962,0.0358294,0.0286605,0.0213539,0.0173039,0.0130979,0.0107347,0.00821432,0.00665225,0.00495388,0.00370685,0.00236676,0.00119993,0
1,0.900084,0.800167,0.706494,0.612819,0.530497,0.448168,0.380366,0.312549,0.260227,0.20788,0.170058,0.132194,0.106579,0.0808967,0.0646165,0.0482413,0.0384783,0.0285917,0.0229822,0.0172259,0.0140193,0.0106561,0.00869347,0.0065841,0.00517955,0.00366032,0.00245339,0.00118338,0
1,0.900083,0.803289,0.706493,0.618496,0.530493,0.455431,0.380359,0.320297,0.260214,0.215143,0.170037,0.138319,0.106545,0.0855976,0.064569,0.0515474,0.0384165,0.0307302,0.0229088,0.0185007,0.013941,0.0113564,0.0086201,0.00693651,0.00512221,0.00381647,0.00242185,0.00122669,0
1,0.901645,0.803288,0.710892,0.618493,0.536964,0.455426,0.387864,0.320287,0.26772,0.215126,0.176731,0.138291,0.111958,0.0855572,0.0685725,0.0514927,0.0411388,0.0306626,0.0246155,0.0184249,0.0149285,0.0112806,0.00914644,0.00687116,0.00537649,0.00377203,0.00252158,0.00121092,0
1,0.901644,0.806268,0.710891,0.623928,0.53696,0.462414,0.387856,0.327792,0.267706,0.222225,0.176708,0.144344,0.111924,0.0902653,0.0685249,0.0548557,0.0410777,0.0328771,0.0245438,0.019772,0.0148527,0.0120375,0.00907586,0.00726147,0.00532159,0.00394904,0.00249148,0.00126079,0
1,0.903134,0.806267,0.715098,0.623925,0.543171,0.462408,0.395103,0.327781,0.275009,0.222207,0.183285,0.144316,0.117305,0.0902245,0.0725605,0.0548013,0.0438664,0.0328107,0.0263246,0.0196982,0.0159047,0.0119643,0.00964948,0.00719873,0.00560525,0.00390653,0.00260491,0.00124574,0
1,0.903134,0.809116,0.715096,0.629135,0.543167,0.469137,0.395095,0.335056,0.274994,0.229147,0.183262,0.150295,0.11727,0.0949327,0.0725129,0.0582134,0.043806,0.0350955,0.0262545,0.0211147,0.0158313,0.0127771,0.00958151,0.00762736,0.00555263,0.00410508,0.00257614,0.00130246,0
1,0.904558,0.809115,0.719125,0.629131,0.549136,0.469131,0.402096,0.335044,0.282101,0.229128,0.189721,0.150266,0.122614,0.0948917,0.0765731,0.0581595,0.0466545,0.0350302,0.0281051,0.0210429,0.0169459,0.0127064,0.0102022,0.00756707,0.00586622,0.00406438,0.00270377,0.00128807,0
1,0.904557,0.811842,0.719123,0.634131,0.549131,0.475616,0.402087,0.342099,0.282086,0.235911,0.189697,0.156167,0.122579,0.0995934,0.0765256,0.0616138,0.0465949,0.0373798,0.0280366,0.0225255,0.0168746,0.0135741,0.0101367,0.00803423,0.00581573,0.004285,0.00267623,0.00135188,0
1,0.905921,0.81184,0.722986,0.634127,0.554873,0.475609,0.408857,0.342087,0.289005,0.235892,0.196039,0.156138,0.12788,0.0995522,0.0806036,0.0615602,0.0494968,0.0373157,0.0299526,0.0224556,0.0180498,0.0135057,0.0108041,0.00797623,0.00615961,0.00424598,0.00281844,0.00133811,0
1,0.90592,0.814453,0.722984,0.63893,0.554868,0.481865,0.408848,0.348931,0.288989,0.242522,0.196015,0.16196,0.127845,0.104242,0.0805562,0.0650502,0.049438,0.0397247,0.0298857,0.0240012,0.0179806,0.014427,0.010741,0.00848188,0.0061111,0.00448903,0.00279204,0.00140922,0
1,0.907227,0.814452,0.726692,0.638926,0.560397,0.481858,0.415398,0.348919,0.295727,0.242502,0.202241,0.16193,0.133101,0.104201,0.0846461,0.0649971,0.0523874,0.0396618,0.0318629,0.0239331,0.0192141,0.0143608,0.0114544,0.00842603,0.00648545,0.00445157,0.00294912,0.00139602,0
1,0.907226,0.816959,0.726689,0.643545,0.560392,0.487898,0.415388,0.355562,0.29571,0.248984,0.202216,0.167671,0.133065,0.108873,0.0845989,0.0685168,0.0523294,0.0421252,0.0317975,0.0255385,0.019147,0.0153343,0.0113934,0.00896994,0.0064388,0.00471729,0.0029238,0.00147456,0
1,0.90848,0.816957,0.730252,0.64354,0.565721,0.48789,0.42173,0.355549,0.302273,0.248963,0.208327,0.167641,0.138272,0.108832,0.0886951,0.0684642,0.055321,0.0420635,0.0338319,0.0254722,0.0204364,0.0152702,0.0121521,0.00891611,0.00684361,0.0046813,0.00309593,0.0014619,0
1,0.908479,0.819366,0.730249,0.647987,0.565715,0.493726,0.42172,0.362002,0.302256,0.2553,0.208302,0.1733,0.138236,0.113484,0.0886481,0.072008,0.0552638,0.0445764,0.0337678,0.0271341,0.0203712,0.0162942,0.0120931,0.00949785,0.0067987,0.00496977,0.0030716,0.00154796,0
1,0.909683,0.819364,0.733676,0.647982,0.570856,0.493718,0.427864,0.361988,0.308651,0.255279,0.2143,0.173269,0.143392,0.113442,0.0927458,0.071956,0.0582922,0.0445158,0.0358553,0.0270695,0.0217142,0.0162322,0.012896,0.00944593,0.00723381,0.00493515,0.00325887,0.0015358,0
1,0.909682,0.821679,0.733673,0.652266,0.57085,0.49936,0.427853,0.368257,0.308634,0.261475,0.214274,0.178846,0.143356,0.118069,0.0926991,0.075519,0.0582359,0.0470737,0.0357927,0.0287847,0.0216509,0.0173051,0.0128391,0.0100649,0.00719054,0.00524634,0.00323548,0.00162943,0
1,0.91084,0.821677,0.736973,0.652261,0.575813,0.499351,0.433809,0.368243,0.314866,0.261454,0.220161,0.178815,0.148457,0.118027,0.0967939,0.0754675,0.0612964,0.0470143,0.0379292,0.0287218,0.0230449,0.017245,0.013685,0.0100148,0.00765563,0.00521301,0.00343789,0.00161774,0
1,0.910839,0.823906,0.736969,0.656393,0.575806,0.504811,0.433797,0.374337,0.314848,0.267513,0.220134,0.184309,0.148421,0.122626,0.0967474,0.0790451,0.0612409,0.0496128,0.037868,0.0304871,0.0229834,0.018365,0.0136299,0.0106703,0.0076139,0.00554676,0.00341537,0.00171894,0
1,0.911953,0.823904,0.74015,0.656388,0.580602,0.504802,0.439574,0.374323,0.320925,0.267491,0.225911,0.184278,0.153467,0.122584,0.100835,0.0789942,0.064329,0.0495545,0.0400499,0.0304257,0.024426,0.0183066,0.0145176,0.0106219,0.00810854,0.00551464,0.00363285,0.00170769,0
1,0.911952,0.826051,0.740146,0.660376,0.580595,0.510088,0.439562,0.38025,0.320907,0.273418,0.225885,0.189689,0.153431,0.127151,0.100789,0.0825822,0.0642743,0.0521895,0.0399901,0.032238,0.0243662,0.0194718,0.0144643,0.0113131,0.00806826,0.0058707,0.00361116,0.00181643,0
1,0.913026,0.826049,0.743214,0.66037,0.585232,0.510079,0.445169,0.380235,0.326834,0.273396,0.231554,0.189658,0.15842,0.12711,0.104867,0.0825318,0.0673858,0.0521322,0.0422137,0.0321781,0.0258549,0.0194152,0.0153925,0.0112663,0.0085919,0.00583971,0.00384356,0.00180558,0
1,0.913025,0.82812,0.74321,0.664223,0.585224,0.5152,0.445157,0.386001,0.326815,0.279194,0.231527,0.194987,0.158384,0.131643,0.104821,0.0861263,0.067332,0.0547998,0.0421552,0.0340343,0.0257967,0.0206237,0.0153407,0.0119922,0.00855298,0.00621773,0.00382265,0.00192178,0
1,0.91406,0.828117,0.746171,0.664217,0.589712,0.515191,0.450601,0.385986,0.332598,0.279171,0.23709,0.194955,0.163315,0.131602,0.108885,0.0860765,0.070463,0.0547436,0.044417,0.0339759,0.027329,0.0205687,0.0163079,0.0119469,0.00910496,0.00618782,0.00406975,0.00191132,0
1,0.914059,0.830115,0.746167,0.667941,0.589704,0.520156,0.450588,0.391599,0.332579,0.284844,0.237063,0.200203,0.163279,0.1361,0.108839,0.089674,0.07041,0.05744,0.0443597,0.035873,0.0272723,0.0218185,0.0162578,0.0127064,0.00906734,0.00658735,0.00404957,0.00203488,0
1,0.915058,0.830113,0.749028,0.667935,0.594049,0.520146,0.455878,0.391583,0.338222,0.284821,0.242523,0.200171,0.168151,0.136059,0.112887,0.0896247,0.073557,0.0573849,0.0466565,0.035816,0.0288457,0.021765,0.0172625,0.0126626,0.0096469,0.00655845,0.00431112,0.00202478,0
1,0.915056,0.832043,0.749024,0.671539,0.594041,0.524963,0.455865,0.39705,0.338202,0.290373,0.242496,0.205337,0.168115,0.140519,0.112842,0.093222,0.0735048,0.0601068,0.0466004,0.0377511,0.0287905,0.0230541,0.0172138,0.0134547,0.0096105,0.00697901,0.00429162,0.00215556,0
1,0.916022,0.83204,0.751791,0.671532,0.598251,0.524953,0.461006,0.397033,0.343711,0.290349,0.247855,0.205306,0.172928,0.140479,0.116871,0.0931734,0.0766644,0.0600526,0.0489289,0.0376955,0.0304026,0.0230022,0.0182544,0.0134122,0.0102168,0.00695106,0.00456728,0.00214581,0
1,0.91602,0.833906,0.751786,0.675021,0.598243,0.529629,0.460993,0.402359,0.343691,0.295783,0.247827,0.210392,0.172892,0.144899,0.116826,0.0967675,0.076613,0.0627967,0.0488741,0.0396658,0.0303488,0.0243285,0.0182072,0.0142356,0.0101816,0.00739206,0.00454844,0.00228364,0
1,0.916953,0.833903,0.754464,0.675014,0.602325,0.529618,0.465994,0.402342,0.349071,0.295759,0.253087,0.21036,0.177646,0.144859,0.120833,0.0967195,0.0797821,0.0627435,0.0512312,0.0396114,0.0319971,0.024278,0.0192821,0.0141944,0.0108138,0.00736502,0.00483785,0.00227422,0
1,0.916952,0.835708,0.754459,0.678394,0.602316,0.534159,0.46598,0.407532,0.349051,0.301079,0.253059,0.215366,0.177609,0.14924,0.120789,0.100308,0.0797315,0.0655067,0.0511775,0.0416142,0.0319447,0.0256396,0.0192362,0.0150479,0.0107797,0.00782585,0.00481962,0.00241893,0
1,0.917854,0.835705,0.757051,0.678388,0.606277,0.534148,0.470846,0.407515,0.354306,0.301055,0.258223,0.215334,0.182303,0.149199,0.124774,0.10026,0.0829072,0.0654545,0.0535604,0.0415611,0.0336269,0.0255905,0.0203438,0.0150079,0.0114369,0.00779966,0.00512239,0.00240981,0
1,0.917853,0.837453,0.757046,0.681664,0.606268,0.538561,0.470832,0.412576,0.354285,0.306264,0.258195,0.220263,0.182267,0.153538,0.12473,0.10384,0.0828574,0.0682338,0.0535078,0.0435937,0.0335758,0.0269853,0.0202992,0.0158903,0.0114038,0.00827964,0.00510474,0.00256119,0
1,0.918726,0.83745,0.759558,0.681657,0.610113,0.53855,0.475569,0.412558,0.35942,0.30624,0.263264,0.220231,0.186901,0.153498,0.128689,0.103794,0.0860371,0.0681826,0.0559137,0.0435418,0.0352895,0.0269375,0.0214378,0.0158515,0.012085,0.00825427,0.00542042,0.00255237,0
1,0.918725,0.839142,0.759553,0.684835,0.610103,0.542841,0.475554,0.417494,0.359399,0.311342,0.263235,0.225082,0.186865,0.157795,0.128646,0.107363,0.0859881,0.0709754,0.0558622,0.0456016,0.0352396,0.0283637,0.0213945,0.0167614,0.0120529,0.0087527,0.00540332,0.00271021,0
1,0.919571,0.839139,0.761989,0.684828,0.613838,0.542829,0.480167,0.417477,0.364418,0.311317,0.268212,0.22505,0.191439,0.157755,0.132579,0.107317,0.0891693,0.0709252,0.0582885,0.0455509,0.0369826,0.0283171,0.0225625,0.0167237,0.0127571,0.0087281,0.00573146,0.00270166,0
1,0.91957,0.84078,0.761984,0.687913,0.613829,0.547003,0.480153,0.422293,0.364397,0.316315,0.268184,0.229825,0.191403,0.162009,0.132536,0.110874,0.0891211,0.0737289,0.058238,0.0476356,0.036934,0.0297726,0.0225204,0.0176598,0.0127259,0.00924426,0.00571488,0.00286573,0
1,0.92039,0.840777,0.764347,0.687906,0.617458,0.546991,0.484648,0.422275,0.369304,0.31629,0.27307,0.229793,0.195917,0.161969,0.136442,0.110829,0.0923016,0.0736796,0.0606823,0.047586,0.0387041,0.0297272,0.0237162,0.0176231,0.013452,0.00922039,0.00605499,0.00285744,0
1,0.920388,0.842368,0.764341,0.690902,0.617448,0.551053,0.484633,0.426976,0.369283,0.321187,0.273042,0.234494,0.195881,0.166179,0.136399,0.114372,0.0922541,0.0764919,0.0606328,0.0496932,0.0386566,0.0312101,0.0236752,0.0185841,0.0134218,0.00975351,0.00603891,0.0030275,0
1,0.921184,0.842365,0.766635,0.690895,0.620978,0.551041,0.489014,0.426958,0.374081,0.321162,0.27784,0.234461,0.200336,0.16614,0.140275,0.114327,0.0954317,0.0764435,0.0630925,0.0496447,0.0404517,0.0311659,0.0248971,0.0185485,0.0141688,0.00973034,0.0063905,0.00301946,0
1,0.921182,0.84391,0.76663,0.693807,0.620968,0.554996,0.488999,0.431548,0.37406,0.325961,0.277812,0.239088,0.200301,0.170306,0.140233,0.117854,0.095385,0.0792621,0.0630441,0.0517721,0.0404053,0.0326744,0.0248572,0.019533,0.0141394,0.0102797,0.0063749,0.00319525,0
1,0.921955,0.843906,0.768858,0.693799,0.624401,0.554983,0.493272,0.43153,0.378754,0.325936,0.282525,0.239056,0.204697,0.170267,0.14408,0.117809,0.0985579,0.0792145,0.0655171,0.0517247,0.0422232,0.0326312,0.0261037,0.0194983,0.0149063,0.0102571,0.00673745,0.00318745,0
1,0.921953,0.845407,0.768852,0.69663,0.624391,0.558837,0.493256,0.436013,0.378733,0.330639,0.282496,0.243611,0.204662,0.174388,0.144038,0.121319,0.0985119,0.0820375,0.0654696,0.0538702,0.042178,0.0341635,0.0260648,0.020505,0.0148777,0.0108219,0.0067223,0.00336873,0
1,0.922703,0.845403,0.771018,0.696622,0.627733,0.558824,0.497425,0.435995,0.383326,0.330614,0.287125,0.243579,0.209,0.17435,0.147854,0.121275,0.101678,0.0819907,0.0679538,0.0538238,0.0440168,0.0341214,0.0273342,0.0204712,0.0156634,0.0108,0.00709531,0.00336115,0
1,0.922701,0.846861,0.771012,0.699376,0.627723,0.562579,0.497409,0.440376,0.383304,0.335226,0.287097,0.248062,0.208964,0.178427,0.147812,0.124766,0.101633,0.084816,0.0679073,0.0559853,0.0439726,0.0356755,0.0272963,0.0214988,0.0156356,0.0113794,0.00708058,0.00354765,0
1,0.92343,0.846857,0.773118,0.699368,0.630977,0.562566,0.501477,0.440357,0.387801,0.335201,0.291644,0.248031,0.213245,0.178388,0.151596,0.124723,0.104791,0.0847701,0.0704007,0.0559399,0.0458304,0.0356344,0.0285872,0.021466,0.0164391,0.0113581,0.00746351,0.00354029,0
1,0.923428,0.848274,0.773112,0.702048,0.630967,0.566227,0.501461,0.444639,0.387779,0.339722,0.291616,0.252444,0.213209,0.18242,0.151556,0.128194,0.104746,0.0875958,0.070355,0.0581155,0.0457872,0.0372088,0.0285502,0.0225131,0.016412,0.0119513,0.00744919,0.00373176,0
1,0.924137,0.84827,0.775161,0.702039,0.634138,0.566214,0.505433,0.44462,0.392181,0.339697,0.296083,0.252413,0.217432,0.182383,0.155307,0.128151,0.107895,0.0875507,0.0728557,0.0580711,0.0476622,0.0371687,0.029861,0.0224811,0.0172322,0.0119306,0.00784153,0.0037246,0
1,0.924135,0.849649,0.775155,0.704649,0.634127,0.569785,0.505417,0.448807,0.392159,0.344132,0.296055,0.256758,0.217398,0.18637,0.155267,0.131601,0.107851,0.0903752,0.0728109,0.0602589,0.0476199,0.0387616,0.0298249,0.0235466,0.0172059,0.0125369,0.0078276,0.00392077,0
1,0.924825,0.849645,0.777149,0.704641,0.637217,0.569772,0.509296,0.448788,0.396469,0.344107,0.300445,0.256726,0.221564,0.186332,0.158985,0.131559,0.110988,0.0903308,0.0753171,0.0602154,0.0495103,0.0387224,0.0311541,0.0235154,0.0180417,0.0125167,0.00822882,0.0039138,0
1,0.924823,0.850987,0.777143,0.707183,0.637206,0.573257,0.50928,0.452883,0.396447,0.348457,0.300416,0.261004,0.221529,0.190275,0.158945,0.134987,0.110945,0.0931525,0.0752731,0.0624137,0.0494689,0.0403322,0.0311189,0.0245979,0.0180161,0.0131353,0.00821527,0.00411441,0
1,0.925493,0.850983,0.779085,0.707175,0.64022,0.573243,0.51307,0.452864,0.40067,0.348432,0.304731,0.260973,0.225639,0.190237,0.162631,0.134945,0.11407,0.093109,0.0777831,0.062371,0.0513729,0.0402939,0.032465,0.0245675,0.0188666,0.0131157,0.00862485,0.00410763,0
1,0.925491,0.852289,0.779079,0.709653,0.640209,0.576645,0.513053,0.45687,0.400648,0.3527,0.304702,0.265185,0.225605,0.194135,0.162591,0.13835,0.114027,0.0959263,0.07774,0.064578,0.0513324,0.041919,0.0324307,0.0256658,0.0188416,0.0137457,0.00861165,0.00431242,0
1,0.926145,0.852285,0.780971,0.709644,0.643149,0.576631,0.516757,0.456851,0.404785,0.352675,0.308943,0.265154,0.22966,0.194098,0.166243,0.138309,0.117138,0.0958835,0.0802522,0.0645362,0.0532485,0.0418816,0.0337924,0.0256361,0.0197058,0.0137266,0.00902907,0.00430582,0
1,0.926143,0.853558,0.780964,0.71206,0.643137,0.579953,0.516741,0.460771,0.404763,0.356864,0.308914,0.269301,0.229626,0.197951,0.166204,0.14169,0.117096,0.0986952,0.0802099,0.0667503,0.0532089,0.0435204,0.0337588,0.0267491,0.0196814,0.0143674,0.00901622,0.00451454,0
1,0.926779,0.853553,0.782809,0.712051,0.646006,0.579939,0.520362,0.460752,0.408818,0.356839,0.313083,0.26927,0.233626,0.197915,0.169821,0.14165,0.120193,0.0986531,0.0827228,0.0667094,0.0551354,0.0434839,0.0351348,0.0267201,0.0205583,0.0143488,0.00944098,0.00450811,0
1,0.926777,0.854794,0.782802,0.714408,0.645995,0.583184,0.520345,0.46459,0.408795,0.36095,0.313054,0.273355,0.233592,0.201724,0.169782,0.145007,0.120152,0.101458,0.0826812,0.0689291,0.0550966,0.0451351,0.035102,0.0278465,0.0205344,0.0149996,0.00942845,0.00472049,0
1,0.927397,0.854789,0.784601,0.714399,0.648796,0.58317,0.523887,0.46457,0.41277,0.360925,0.317152,0.273323,0.237539,0.201687,0.173365,0.144967,0.123232,0.101416,0.0851934,0.0688889,0.0570321,0.0450993,0.0364908,0.0278182,0.0214231,0.0149814,0.00986005,0.00471422,0
1,0.927395,0.855999,0.784594,0.716698,0.648784,0.586342,0.52387,0.468329,0.412748,0.364961,0.317124,0.277346,0.237505,0.205452,0.173327,0.148299,0.123192,0.104213,0.0851527,0.0711128,0.0569941,0.0467614,0.0364588,0.0289569,0.0213998,0.0156416,0.00984784,0.00493003,0
1,0.927999,0.855994,0.786349,0.716689,0.65152,0.586327,0.527335,0.468309,0.416645,0.364936,0.321153,0.277315,0.241399,0.205416,0.176875,0.148259,0.126256,0.104172,0.0876628,0.0710734,0.0589371,0.0467264,0.0378592,0.0289293,0.0222992,0.0156238,0.0102858,0.00492392,0
1,0.927997,0.857174,0.786342,0.718934,0.651508,0.589427,0.527318,0.47199,0.416622,0.368899,0.321125,0.281276,0.241366,0.209137,0.176838,0.151566,0.126216,0.106959,0.0876228,0.0733,0.0588999,0.0483981,0.0378279,0.0300792,0.0222766,0.0162925,0.0102739,0.0051429,0
1,0.928587,0.857169,0.788054,0.718925,0.654181,0.589413,0.530709,0.47197,0.420445,0.368874,0.325088,0.281245,0.245207,0.209102,0.180351,0.151527,0.129262,0.106919,0.0901296,0.0732613,0.060849,0.0483639,0.0392387,0.0300522,0.0231859,0.0162752,0.0107177,0.00513694,0
1,0.928585,0.858321,0.788047,0.721117,0.654169,0.592445,0.530692,0.475577,0.420422,0.372766,0.32506,0.285147,0.245174,0.212779,0.180314,0.154807,0.129223,0.109696,0.0900903,0.0754893,0.0608126,0.0500439,0.0392081,0.0312123,0.0231637,0.0169518,0.0107061,0.00535885,0
1,0.92916,0.858316,0.789719,0.721108,0.656781,0.59243,0.534011,0.475557,0.424171,0.372741,0.328957,0.285117,0.248963,0.212744,0.183793,0.154769,0.132251,0.109657,0.0925927,0.0754515,0.0627666,0.0500103,0.0406281,0.0311859,0.024082,0.0169349,0.0111553,0.00535304,0
1,0.929158,0.85944,0.789712,0.72325,0.656769,0.595396,0.533994,0.479091,0.424149,0.376564,0.328929,0.28896,0.24893,0.216378,0.183756,0.158022,0.132213,0.112422,0.0925541,0.0776796,0.0627309,0.0516973,0.0405981,0.032355,0.0240604,0.0176187,0.011144,0.00557766,0
1,0.92972,0.859435,0.791345,0.723241,0.659323,0.595381,0.537243,0.479071,0.427828,0.376539,0.332762,0.288929,0.252669,0.216343,0.1872,0.157984,0.135222,0.112383,0.0950509,0.0776425,0.0646885,0.0516645,0.0420262,0.0323293,0.0249869,0.0176022,0.0115982,0.00557198,0
1,0.929718,0.860532,0.791338,0.725334,0.659311,0.598283,0.537226,0.482535,0.427805,0.380295,0.332734,0.292715,0.252636,0.219935,0.187164,0.161211,0.135184,0.115137,0.0950129,0.0798697,0.0646535,0.0533573,0.0419969,0.0335065,0.0249657,0.0182925,0.0115871,0.00579908,0
1,0.930266,0.860528,0.792933,0.725324,0.661809,0.598269,0.540409,0.482516,0.431415,0.38027,0.336505,0.292685,0.256325,0.2199,0.190573,0.161174,0.138174,0.115098,0.0975031,0.0798332,0.0666135,0.0533252,0.0434319,0.0334813,0.0258995,0.0182764,0.0120458,0.00579354,0
1,0.930264,0.8616,0.792926,0.727371,0.661797,0.601109,0.540392,0.485912,0.431393,0.38396,0.336477,0.296415,0.256293,0.223449,0.190537,0.164373,0.138136,0.117838,0.0974658,0.0820583,0.0665792,0.0550227,0.0434032,0.0346657,0.0258788,0.0189727,0.012035,0.0060229,0
1,0.9308,0.861595,0.794485,0.727361,0.66424,0.601094,0.543511,0.485892,0.434936,0.383935,0.340188,0.296385,0.259932,0.223415,0.193911,0.164337,0.141106,0.117801,0.0999484,0.0820225,0.0685405,0.0549912,0.0448442,0.034641,0.0268192,0.0189569,0.0124978,0.00601749,0
1,0.930797,0.862643,0.794478,0.729363,0.664228,0.603875,0.543493,0.489223,0.434914,0.387562,0.34016,0.30006,0.2599,0.226922,0.193876,0.167509,0.141069,0.120527,0.0999117,0.0842444,0.0685069,0.0566924,0.0448161,0.0358317,0.026799,0.0196585,0.0124872,0.00624889,0
1,0.931321,0.862638,0.796003,0.729353,0.666619,0.603861,0.546549,0.489204,0.438393,0.387537,0.343811,0.30003,0.263491,0.226888,0.197215,0.167472,0.144018,0.12049,0.102386,0.0842093,0.0704684,0.0566615,0.046262,0.0358076,0.0277451,0.0196431,0.0129537,0.0062436,0
1,0.931319,0.863662,0.795995,0.731311,0.666607,0.606584,0.546532,0.492471,0.43837,0.391102,0.343783,0.303651,0.263459,0.230353,0.19718,0.170616,0.143981,0.123202,0.10235,0.0864271,0.0704354,0.0583652,0.0462345,0.0370036,0.0277253,0.0203494,0.0129433,0.00647684,0
1,0.931831,0.863657,0.797486,0.731301,0.668947,0.606569,0.549528,0.492451,0.441786,0.391077,0.347376,0.303621,0.267002,0.230319,0.200485,0.170581,0.146909,0.123166,0.104814,0.0863926,0.0723962,0.058335,0.0476844,0.0369799,0.0286765,0.0203343,0.0134131,0.00647167,0
1,0.931829,0.864659,0.797479,0.733217,0.668935,0.609237,0.54951,0.495657,0.441764,0.394581,0.347349,0.307189,0.26697,0.233743,0.20045,0.173697,0.146873,0.125862,0.104779,0.0886053,0.0723638,0.0600403,0.0476574,0.0381804,0.0286571,0.0210448,0.013403,0.00670656,0
1,0.932329,0.864654,0.798938,0.733207,0.671227,0.609223,0.552447,0.495637,0.445119,0.394556,0.350885,0.30716,0.270466,0.23371,0.20372,0.173662,0.149779,0.125826,0.107234,0.0885714,0.0743228,0.0600106,0.0491104,0.0381573,0.0296126,0.0210301,0.0138757,0.0067015,0
1,0.932327,0.865634,0.798931,0.735082,0.671215,0.611837,0.55243,0.498783,0.445097,0.398002,0.350858,0.310676,0.270435,0.237093,0.203686,0.17675,0.149744,0.128506,0.107199,0.0907782,0.074291,0.0617166,0.0490839,0.0393615,0.0295937,0.0217441,0.0138658,0.00693784,0
1,0.932817,0.865629,0.800358,0.735073,0.67346,0.611823,0.55531,0.498763,0.448393,0.397977,0.354339,0.310647,0.273884,0.23706,0.206921,0.176715,0.152628,0.128471,0.109642,0.0907449,0.0762474,0.0616875,0.050539,0.0393388,0.0305528,0.0217297,0.014341,0.00693289,0
1,0.932814,0.866587,0.800351,0.736909,0.673448,0.614385,0.555293,0.501851,0.44837,0.401366,0.354312,0.314112,0.273853,0.240403,0.206888,0.179775,0.152593,0.131135,0.109608,0.0929448,0.0762162,0.0633932,0.0505131,0.0405459,0.0305343,0.0224469,0.0143313,0.0071705,0
1,0.933294,0.866583,0.801748,0.736899,0.675647,0.61437,0.558118,0.501832,0.451609,0.401341,0.357739,0.314083,0.277257,0.240371,0.210089,0.17974,0.155455,0.131101,0.11204,0.0929121,0.078169,0.0633647,0.0519696,0.0405237,0.0314964,0.0224328,0.0148087,0.00716566,0
1,0.933291,0.867521,0.801741,0.738698,0.675635,0.616883,0.558101,0.504863,0.451586,0.404674,0.357712,0.317498,0.277227,0.243673,0.210055,0.182772,0.15542,0.133747,0.112006,0.0951045,0.0781384,0.0650693,0.0519442,0.041733,0.0314782,0.0231526,0.0147992,0.00740435,0
1,0.93376,0.867516,0.803109,0.738688,0.67779,0.616868,0.560873,0.504844,0.454769,0.404649,0.361086,0.317469,0.280585,0.243641,0.213222,0.182738,0.15826,0.133713,0.114426,0.0950724,0.0800869,0.0650413,0.0534011,0.0417112,0.0324428,0.0231387,0.0152785,0.00739961,0
1,0.933758,0.868435,0.803102,0.74045,0.677778,0.619332,0.560856,0.507821,0.454746,0.407927,0.361059,0.320836,0.280555,0.246904,0.213189,0.185741,0.158226,0.136343,0.114393,0.0972565,0.0800568,0.066744,0.0533763,0.042922,0.032425,0.0238606,0.0152692,0.00763923,0
1,0.934217,0.86843,0.804442,0.74044,0.679891,0.619317,0.563576,0.507801,0.457874,0.407903,0.364381,0.320807,0.28387,0.246872,0.216323,0.185708,0.161042,0.136309,0.1168,0.0972249,0.0820002,0.0667165,0.054833,0.0429006,0.0333913,0.0238471,0.0157499,0.00763459,0
1,0.934215,0.86933,0.804435,0.742166,0.679878,0.621733,0.563559,0.510725,0.457852,0.411128,0.364355,0.324126,0.28384,0.250096,0.21629,0.188682,0.161008,0.138921,0.116767,0.0993999,0.0819707,0.0684166,0.0548086,0.0441121,0.0333738,0.0245706,0.0157408,0.00787496,0
1,0.934665,0.869325,0.805748,0.742157,0.68195,0.621719,0.566229,0.510705,0.460926,0.411104,0.367627,0.324097,0.287111,0.250065,0.219389,0.188649,0.163802,0.138888,0.11916,0.0993689,0.0839083,0.0683896,0.0562644,0.0440912,0.0343414,0.0245573,0.0162228,0.00787042,0
1,0.934662,0.870207,0.805741,0.743849,0.681938,0.62409,0.566212,0.513578,0.460904,0.414277,0.3676,0.327369,0.287081,0.25325,0.219357,0.191595,0.163768,0.141481,0.119128,0.101534,0.0838793,0.0700863,0.0562404,0.0453029,0.0343243,0.0252821,0.0162139,0.00811139,0
1,0.935103,0.870202,0.807028,0.743839,0.683969,0.624075,0.568834,0.513558,0.463927,0.414252,0.370823,0.327341,0.290309,0.253219,0.222423,0.191563,0.166538,0.141448,0.121508,0.101504,0.0858103,0.0700598,0.0576946,0.0452824,0.0352925,0.0252691,0.0166967,0.00810694,0
1,0.935101,0.871066,0.80702,0.745499,0.683957,0.626401,0.568817,0.51638,0.463905,0.417375,0.370797,0.330566,0.29028,0.256366,0.222391,0.19448,0.166506,0.144023,0.121476,0.103659,0.0857818,0.0717525,0.0576711,0.0464935,0.0352757,0.0259946,0.016688,0.00834837,0
1,0.935533,0.871061,0.808282,0.745489,0.68595,0.626387,0.571391,0.516361,0.466878,0.417351,0.37397,0.330538,0.293466,0.256335,0.225423,0.194448,0.169252,0.143991,0.123841,0.103629,0.0877057,0.0717265,0.059123,0.0464734,0.0362441,0.0259819,0.0171715,0.008344,0
1,0.93553,0.871907,0.808275,0.747116,0.685938,0.62867,0.571374,0.519134,0.466856,0.420424,0.373945,0.333718,0.293437,0.259445,0.225392,0.197337,0.16922,0.146546,0.12381,0.105773,0.0876777,0.0734144,0.0590999,0.0476835,0.0362276,0.0267078,0.0171629,0.00858574,0
1,0.935954,0.871903,0.809512,0.747106,0.687893,0.628656,0.573902,0.519115,0.469779,0.4204,0.377071,0.333691,0.296581,0.259414,0.228391,0.197306,0.171942,0.146515,0.12616,0.105744,0.0895938,0.0733888,0.0605489,0.0476638,0.0371957,0.0266953,0.0176468,0.00858147,0
1,0.935951,0.872733,0.809504,0.748702,0.687881,0.630898,0.573885,0.521841,0.469758,0.423425,0.377046,0.336826,0.296553,0.262486,0.22836,0.200166,0.17191,0.149051,0.126129,0.107877,0.0895663,0.0750714,0.0605263,0.0488723,0.0371795,0.0274212,0.0176384,0.00882338,0
1,0.936366,0.872728,0.810718,0.748693,0.6898,0.630883,0.576369,0.521822,0.472633,0.423402,0.380126,0.336799,0.299656,0.262456,0.231326,0.200135,0.174609,0.14902,0.128464,0.107848,0.0914741,0.0750463,0.0619719,0.0488529,0.0381468,0.027409,0.0181223,0.00881919,0
1,0.936364,0.873542,0.81071,0.750259,0.689788,0.633085,0.576352,0.524501,0.472612,0.426379,0.3801,0.339891,0.299628,0.265491,0.231296,0.202968,0.174577,0.151536,0.128434,0.109969,0.091447,0.076723,0.0619496,0.0500593,0.0381309,0.0281345,0.0181141,0.00906115,0
1,0.936771,0.873537,0.8119,0.750249,0.691672,0.63307,0.578793,0.524482,0.47544,0.426356,0.383135,0.339864,0.302691,0.265462,0.234229,0.202937,0.177252,0.151506,0.130753,0.10994,0.093346,0.0766983,0.0633911,0.0500403,0.0390969,0.0281225,0.0185978,0.00905704,0
1,0.936769,0.874336,0.811893,0.751786,0.69166,0.635232,0.578776,0.527117,0.475419,0.429288,0.38311,0.342913,0.302663,0.26846,0.234199,0.205741,0.177221,0.154002,0.130723,0.112049,0.0933194,0.0783686,0.0633693,0.051244,0.0390814,0.0288474,0.0185898,0.00929892,0
1,0.937168,0.874331,0.813061,0.751776,0.693509,0.635218,0.581174,0.527098,0.478202,0.429264,0.3861,0.342886,0.305687,0.268431,0.2371,0.20571,0.179871,0.153972,0.133026,0.112021,0.0952089,0.0783443,0.0648063,0.0512253,0.0400457,0.0288356,0.0190731,0.00929488,0
1,0.937165,0.875114,0.813054,0.753285,0.693497,0.637342,0.581158,0.529688,0.478181,0.432151,0.386075,0.345894,0.305659,0.271394,0.237071,0.208486,0.179841,0.156449,0.132997,0.114117,0.0951828,0.0800076,0.0647848,0.052426,0.0400305,0.0295594,0.0190652,0.00953657,0
1,0.937557,0.87511,0.8142,0.753275,0.695313,0.637327,0.583515,0.529669,0.48092,0.432128,0.389022,0.345867,0.308644,0.271365,0.23994,0.208456,0.182467,0.156419,0.135283,0.11409,0.0970625,0.0799838,0.0662168,0.0524077,0.0409927,0.0295478,0.019548,0.00953262,0
1,0.937555,0.875878,0.814192,0.754757,0.695301,0.639414,0.583498,0.532217,0.480899,0.434971,0.388998,0.348833,0.308616,0.274292,0.23991,0.211204,0.182437,0.158875,0.135254,0.116173,0.0970367,0.0816396,0.0661957,0.0536048,0.0409777,0.0302704,0.0195402,0.009774,0
1,0.937939,0.875874,0.815318,0.754747,0.697085,0.6394,0.585816,0.532199,0.483594,0.434948,0.391902,0.348807,0.311562,0.274263,0.242748,0.211174,0.185039,0.158846,0.137524,0.116146,0.0989062,0.0816162,0.0676222,0.0535867,0.0419376,0.030259,0.0200222,0.00977012,0
1,0.937937,0.876628,0.81531,0.756201,0.697073,0.641451,0.585799,0.534705,0.483573,0.437748,0.391877,0.351732,0.311535,0.277155,0.242718,0.213893,0.18501,0.161282,0.137496,0.118215,0.0988809,0.0832642,0.0676015,0.0547799,0.0419229,0.0309799,0.0200146,0.0100111,0
1,0.938314,0.876624,0.816415,0.756192,0.698826,0.641436,0.588078,0.534686,0.486227,0.437725,0.39474,0.351706,0.314444,0.277127,0.245524,0.213864,0.187588,0.161253,0.139748,0.118188,0.10074,0.0832412,0.069022,0.0547622,0.0428799,0.0309687,0.0204955,0.0100073,0
1,0.938312,0.877365,0.816408,0.75762,0.698814,0.643452,0.588061,0.537152,0.486206,0.440483,0.394716,0.354592,0.314416,0.279984,0.245495,0.216556,0.187558,0.163668,0.13972,0.120244,0.100715,0.0848808,0.0690017,0.055951,0.0428654,0.0316877,0.020488,0.0102477,0
1,0.938682,0.87736,0.817493,0.757611,0.700536,0.643438,0.590302,0.537134,0.488818,0.440461,0.397538,0.354566,0.317288,0.279956,0.24827,0.216527,0.190112,0.163639,0.141956,0.120218,0.102562,0.0848582,0.0704159,0.0559336,0.0438193,0.0316767,0.0209677,0.010244,0
1,0.93868,0.878087,0.817485,0.759014,0.700524,0.645419,0.590286,0.53956,0.488797,0.443178,0.397513,0.357413,0.317261,0.282779,0.248241,0.219191,0.190083,0.166034,0.141929,0.122259,0.102538,0.0864891,0.0703959,0.0571176,0.0438051,0.0323935,0.0209604,0.0104839,0
1,0.939044,0.878083,0.818551,0.759005,0.702217,0.645405,0.59249,0.539541,0.491369,0.443155,0.400295,0.357387,0.320096,0.282751,0.250985,0.219162,0.192612,0.166006,0.144147,0.122233,0.104374,0.0864669,0.0718034,0.0571005,0.0447556,0.0323827,0.0214387,0.0104802,0
1,0.939041,0.878797,0.818544,0.760384,0.702205,0.647353,0.592473,0.541929,0.491348,0.445832,0.400271,0.360196,0.320069,0.28554,0.250957,0.221799,0.192584,0.168379,0.14412,0.12426,0.10435,0.0880888,0.0717837,0.0582795,0.0447416,0.0330971,0.0214315,0.0107193,0
1,0.939399,0.878792,0.819591,0.760374,0.703868,0.647339,0.594641,0.541911,0.493881,0.44581,0.403014,0.36017,0.322868,0.285513,0.25367,0.22177,0.195089,0.168352,0.14632,0.124235,0.106175,0.0880669,0.0731841,0.0582627,0.0456883,0.0330865,0.0219082,0.0107157,0
1,0.939396,0.879495,0.819583,0.76173,0.703857,0.649255,0.594625,0.544261,0.49386,0.448447,0.40299,0.362941,0.322842,0.288269,0.253642,0.224379,0.195061,0.170705,0.146293,0.126247,0.106151,0.0896793,0.0731648,0.0594362,0.0456746,0.0337983,0.0219011,0.0109541,0
1,0.939747,0.87949,0.820612,0.76172,0.705492,0.649241,0.596758,0.544243,0.496354,0.448425,0.405694,0.362916,0.325605,0.288242,0.256324,0.224351,0.197542,0.170677,0.148476,0.126222,0.107963,0.0896578,0.0745578,0.0594197,0.0466172,0.0337879,0.0223762,0.0109506,0
1,0.939745,0.88018,0.820605,0.763052,0.70548,0.651125,0.596742,0.546556,0.496334,0.451024,0.40567,0.365649,0.325579,0.290964,0.256297,0.226933,0.197514,0.173009,0.14845,0.12822,0.10794,0.0912605,0.0745387,0.0605875,0.0466038,0.0344967,0.0223692,0.0111881,0
1,0.94009,0.880175,0.821616,0.763043,0.707089,0.651111,0.59884,0.546538,0.49879,0.451002,0.408337,0.365625,0.328307,0.290938,0.258949,0.226905,0.199971,0.172982,0.150614,0.128195,0.10974,0.0912393,0.075924,0.0605713,0.0475421,0.0344865,0.0228424,0.0111846,0
1,0.940087,0.880853,0.821609,0.764352,0.707077,0.652965,0.598824,0.548815,0.49877,0.453563,0.408313,0.368322,0.328281,0.293628,0.258922,0.22946,0.199944,0.175293,0.150588,0.130177,0.109717,0.092832,0.0759053,0.0617331,0.0475289,0.0351923,0.0228356,0.0114212,0
1,0.940426,0.880848,0.822603,0.764343,0.708658,0.652951,0.60089,0.548797,0.501189,0.453542,0.410943,0.368297,0.330975,0.293601,0.261544,0.229433,0.202376,0.175266,0.152735,0.130153,0.111505,0.0928112,0.0772826,0.0617171,0.0484627,0.0351822,0.0233067,0.0114178,0
1,0.940424,0.881514,0.822595,0.76563,0.708647,0.654774,0.600874,0.55104,0.501169,0.456066,0.410919,0.370959,0.330949,0.296259,0.261517,0.23196,0.202349,0.177556,0.152709,0.13212,0.111482,0.0943936,0.0772641,0.0628726,0.0484497,0.0358847,0.0233,0.0116534,0
1,0.940757,0.88151,0.823572,0.765621,0.710202,0.65476,0.602907,0.551022,0.503553,0.456044,0.413512,0.370934,0.333609,0.296233,0.26411,0.231933,0.204758,0.177529,0.154838,0.132096,0.113257,0.094373,0.0786331,0.0628569,0.0493786,0.0358748,0.023769,0.01165,0
1,0.940755,0.882165,0.823565,0.766887,0.710191,0.656555,0.602891,0.55323,0.503533,0.458533,0.413489,0.373561,0.333584,0.298859,0.264083,0.234434,0.204731,0.179798,0.154812,0.134047,0.113234,0.0959449,0.078615,0.0640059,0.0493659,0.0365738,0.0237624,0.0118845,0
1,0.941082,0.88216,0.824526,0.766878,0.711721,0.656541,0.604892,0.553212,0.505881,0.458511,0.416047,0.373537,0.33621,0.298833,0.266647,0.234407,0.207116,0.179772,0.156922,0.134023,0.114996,0.0959247,0.0799754,0.0639904,0.0502899,0.0365641,0.0242292,0.0118812,0
1,0.94108,0.882804,0.824519,0.768124,0.711709,0.658307,0.604876,0.555387,0.505862,0.460964,0.416024,0.376128,0.336185,0.301428,0.26662,0.236881,0.20709,0.182019,0.156898,0.135959,0.114974,0.0974857,0.0799575,0.0651326,0.0502773,0.0372595,0.0242227,0.0121146,0
1,0.941402,0.8828,0.825464,0.768114,0.713215,0.658293,0.606847,0.555369,0.508175,0.460943,0.418546,0.376104,0.338778,0.301403,0.269155,0.236855,0.20945,0.181994,0.158989,0.135936,0.116722,0.0974658,0.0813092,0.0651174,0.0511961,0.03725,0.0246871,0.0121113,0
1,0.9414,0.883433,0.825457,0.76934,0.713204,0.660031,0.606831,0.557511,0.508156,0.463361,0.418524,0.378662,0.338754,0.303966,0.269129,0.239302,0.209424,0.18422,0.158965,0.137856,0.116701,0.0990158,0.0812916,0.0662526,0.0511837,0.0379416,0.0246807,0.0123435,0
1,0.941717,0.883428,0.826386,0.76933,0.714685,0.660017,0.608771,0.557493,0.510436,0.46334,0.421011,0.378639,0.341314,0.303941,0.271634,0.239277,0.211761,0.184194,0.161038,0.137833,0.118436,0.0989962,0.0826342,0.0662376,0.0520971,0.0379322,0.0251425,0.0123403,0
1,0.941714,0.884051,0.826379,0.770536,0.714674,0.661728,0.608755,0.559603,0.510417,0.465724,0.420989,0.381163,0.34129,0.306474,0.271609,0.241698,0.211735,0.186399,0.161014,0.139737,0.118414,0.100535,0.0826169,0.0673656,0.0520849,0.0386198,0.0251362,0.0125713,0
1,0.942026,0.884047,0.827294,0.770527,0.716132,0.661715,0.610666,0.559586,0.512664,0.465703,0.423443,0.38114,0.343819,0.306449,0.274086,0.241672,0.214049,0.186375,0.163068,0.139714,0.120136,0.100516,0.0839503,0.0673509,0.0529927,0.0386106,0.0255955,0.0125681,0
1,0.942023,0.88466,0.827287,0.771713,0.716121,0.663399,0.61065,0.561665,0.512644,0.468053,0.423421,0.383631,0.343794,0.308952,0.274061,0.244067,0.214023,0.188558,0.163044,0.141602,0.120115,0.102043,0.0839333,0.0684715,0.0529807,0.0392941,0.0255894,0.0127978,0
1,0.94233,0.884655,0.828186,0.771704,0.717556,0.663385,0.612532,0.561647,0.514859,0.468033,0.425842,0.383608,0.346292,0.308928,0.27651,0.244042,0.216313,0.188534,0.16508,0.14158,0.121823,0.102024,0.0852573,0.068457,0.0538828,0.039285,0.026046,0.0127947,0
1,0.942328,0.885258,0.828179,0.772871,0.717545,0.665044,0.612516,0.563695,0.51484,0.470351,0.42582,0.386067,0.346268,0.311401,0.276485,0.246411,0.216288,0.190696,0.165057,0.143451,0.121802,0.10354,0.0852406,0.0695701,0.053871,0.0399644,0.0260399,0.013023,0
1,0.942629,0.885253,0.829064,0.772862,0.718957,0.66503,0.61437,0.563678,0.517023,0.47033,0.428209,0.386044,0.348734,0.311376,0.278906,0.246386,0.218554,0.190672,0.167074,0.143429,0.123496,0.103521,0.086555,0.0695558,0.0547672,0.0399555,0.0264937,0.0130199,0
1,0.942627,0.885847,0.829058,0.774011,0.718946,0.666663,0.614354,0.565696,0.517004,0.472616,0.428187,0.388471,0.34871,0.31382,0.278881,0.24873,0.218529,0.192814,0.167051,0.145285,0.123475,0.105025,0.0865385,0.0706611,0.0547556,0.0406305,0.0264877,0.0132468,0
1,0.942923,0.885842,0.829929,0.774002,0.720337,0.66665,0.61618,0.565679,0.519156,0.472596,0.430544,0.388449,0.351146,0.313796,0.281275,0.248705,0.220772,0.19279,0.169049,0.145263,0.125155,0.105007,0.0878432,0.0706471,0.0556458,0.0406217,0.0269386,0.0132438,0
1,0.942921,0.886426,0.829922,0.775133,0.720326,0.668259,0.616165,0.567668,0.519137,0.47485,0.430522,0.390845,0.351122,0.31621,0.281251,0.251023,0.220748,0.194911,0.169027,0.147102,0.125135,0.106499,0.087827,0.0717445,0.0556344,0.0412922,0.0269328,0.0134693,0
1,0.943213,0.886422,0.83078,0.775124,0.721696,0.668245,0.617963,0.567651,0.521259,0.47483,0.432847,0.390822,0.353527,0.316186,0.283617,0.250999,0.222967,0.194887,0.171006,0.147081,0.126801,0.106481,0.0891218,0.0717307,0.0565184,0.0412836,0.0273808,0.0134664,0
1,0.943211,0.886996,0.830773,0.776238,0.721685,0.66983,0.617948,0.569611,0.52124,0.477053,0.432826,0.393187,0.353504,0.318572,0.283593,0.253292,0.222943,0.196987,0.170984,0.148904,0.126781,0.107961,0.0891058,0.0728201,0.0565071,0.0419496,0.027375,0.0136904,0
1,0.943498,0.886992,0.831617,0.776229,0.723034,0.669817,0.61972,0.569594,0.523332,0.477033,0.43512,0.393165,0.35588,0.318549,0.285932,0.253268,0.225139,0.196964,0.172945,0.148882,0.128432,0.107943,0.0903907,0.0728065,0.0573848,0.041941,0.02782,0.0136875,0
1,0.943496,0.887558,0.83161,0.777325,0.723023,0.671377,0.619705,0.571526,0.523314,0.479226,0.435099,0.3955,0.355857,0.320906,0.285908,0.255536,0.225116,0.199042,0.172923,0.150689,0.128413,0.109412,0.0903749,0.0738877,0.0573737,0.0426024,0.0278143,0.01391,0
1,0.943779,0.887553,0.832441,0.777316,0.724351,0.671364,0.621452,0.57151,0.525376,0.479206,0.437363,0.395478,0.358203,0.320883,0.288221,0.255512,0.227289,0.199019,0.174865,0.150668,0.13005,0.109394,0.0916496,0.0738743,0.0582451,0.042594,0.0282562,0.0139071,0
1,0.943777,0.88811,0.832435,0.778396,0.72434,0.672901,0.621437,0.573414,0.525358,0.48137,0.437342,0.397783,0.35818,0.323212,0.288197,0.257755,0.227266,0.201077,0.174844,0.152458,0.130031,0.11085,0.0916341,0.0749473,0.0582342,0.0432506,0.0282506,0.0141281,0
1,0.944055,0.888106,0.833253,0.778388,0.725649,0.672889,0.623158,0.573397,0.527392,0.48135,0.439576,0.397761,0.360497,0.323189,0.290483,0.257731,0.229416,0.201055,0.176768,0.152437,0.131654,0.110833,0.0928986,0.0749341,0.059099,0.0432424,0.0286894,0.0141253,0
1,0.944053,0.888654,0.833247,0.779451,0.725638,0.674403,0.623143,0.575275,0.527374,0.483484,0.439556,0.400037,0.360475,0.32549,0.29046,0.25995,0.229393,0.203092,0.176746,0.154211,0.131635,0.112276,0.0928833,0.0759988,0.0590882,0.0438942,0.0286838,0.0143447,0
1,0.944327,0.88865,0.834053,0.779442,0.726927,0.674391,0.624839,0.575258,0.529379,0.483465,0.44176,0.400015,0.362764,0.325468,0.29272,0.259927,0.231521,0.20307,0.178651,0.15419,0.133243,0.112259,0.0941375,0.0759858,0.0599465,0.043886,0.0291194,0.0143419,0
1,0.944325,0.88919,0.834046,0.78049,0.726916,0.675883,0.624824,0.577109,0.529362,0.48557,0.44174,0.402262,0.362741,0.327742,0.292697,0.26212,0.231498,0.205086,0.17863,0.155947,0.133225,0.11369,0.0941224,0.077042,0.0599359,0.044533,0.029114,0.0145597,0
1,0.944595,0.889185,0.83484,0.780481,0.728186,0.67587,0.626496,0.577093,0.531339,0.485551,0.443916,0.402241,0.365002,0.327719,0.294931,0.262098,0.233603,0.205064,0.180517,0.155927,0.134819,0.113674,0.0953662,0.0770292,0.0607875,0.0445249,0.0295463,0.014557,0
1,0.944593,0.889717,0.834833,0.781513,0.728176,0.677341,0.626482,0.578918,0.531322,0.487628,0.443896,0.404459,0.36498,0.329967,0.294908,0.264267,0.233581,0.20706,0.180496,0.157668,0.1348,0.115093,0.0953514,0.0780769,0.0607771,0.0451669,0.029541,0.0147732,0
1,0.944859,0.889713,0.835615,0.781505,0.729427,0.677329,0.62813,0.578902,0.533273,0.487609,0.446043,0.404438,0.367213,0.329944,0.297117,0.264245,0.235664,0.207038,0.182364,0.157648,0.13638,0.115076,0.0965847,0.0780642,0.0616219,0.045159,0.02997,0.0147705,0
1,0.944857,0.890237,0.835609,0.782521,0.729417,0.678778,0.628115,0.580701,0.533255,0.489658,0.446023,0.406628,0.367191,0.332165,0.297094,0.26639,0.235641,0.209014,0.182343,0.159372,0.136362,0.116482,0.0965701,0.0791033,0.0616116,0.045796,0.0299647,0.014985,0
1,0.945118,0.890233,0.836379,0.782513,0.73065,0.678766,0.62974,0.580685,0.53518,0.489639,0.448143,0.406607,0.369396,0.332143,0.299277,0.266368,0.237702,0.208992,0.184193,0.159353,0.137927,0.116466,0.0977929,0.0790908,0.0624496,0.0457882,0.0303905,0.0149824,0
1,0.945116,0.890749,0.836373,0.783514,0.730639,0.680195,0.629726,0.58246,0.535162,0.491661,0.448123,0.40877,0.369375,0.334337,0.299255,0.26849,0.23768,0.210947,0.184172,0.16106,0.137909,0.11786,0.0977784,0.0801213,0.0624395,0.0464201,0.0303853,0.0151952,0
1,0.945374,0.890745,0.837132,0.783506,0.731855,0.680183,0.631327,0.582444,0.53706,0.491643,0.450216,0.408749,0.371553,0.334315,0.301413,0.268468,0.239719,0.210926,0.186004,0.161041,0.13946,0.117844,0.0989907,0.080109,0.0632707,0.0464124,0.0308077,0.0151926,0
1,0.945372,0.891253,0.837125,0.784493,0.731844,0.681591,0.631313,0.584194,0.537043,0.493638,0.450196,0.410884,0.371532,0.336483,0.301391,0.270566,0.239697,0.212861,0.185984,0.162732,0.139442,0.119225,0.0989764,0.0811307,0.0632607,0.0470392,0.0308025,0.0154038,0
1,0.945626,0.891249,0.837873,0.784485,0.733042,0.681579,0.632892,0.584178,0.538916,0.49362,0.452261,0.410864,0.373684,0.336462,0.303525,0.270544,0.241714,0.21284,0.187797,0.162713,0.140979,0.119209,0.100178,0.0811186,0.0640849,0.0470316,0.0312215,0.0154013,0
1,0.945624,0.89175,0.837867,0.785458,0.733032,0.682967,0.632879,0.585904,0.538899,0.495589,0.452242,0.412973,0.373663,0.338604,0.303503,0.272619,0.241692,0.214755,0.187777,0.164388,0.140961,0.120578,0.100164,0.0821315,0.0640751,0.0476532,0.0312164,0.0156107,0
1,0.945875,0.891746,0.838604,0.785449,0.734212,0.682955,0.634436,0.585889,0.540746,0.49557,0.454281,0.412952,0.375788,0.338583,0.305612,0.272598,0.243687,0.214734,0.189571,0.164369,0.142483,0.120563,0.101355,0.0821195,0.0648923,0.0476458,0.031632,0.0156082,0
1,0.945873,0.892239,0.838597,0.786408,0.734202,0.684324,0.634422,0.587591,0.54073,0.497513,0.454261,0.415034,0.375768,0.3407,0.30559,0.274649,0.243666,0.216629,0.189552,0.166027,0.142466,0.121919,0.101341,0.0831236,0.0648826,0.0482622,0.031627,0.015816,0
1,0.94612,0.892235,0.839324,0.7864,0.735366,0.684312,0.635958,0.587576,0.542552,0.497496,0.456274,0.415015,0.377867,0.340679,0.307675,0.274628,0.245639,0.216609,0.191328,0.166009,0.143973,0.121903,0.102521,0.0831119,0.0656929,0.0482548,0.0320391,0.0158135,0
1,0.946118,0.892722,0.839317,0.787345,0.735356,0.685662,0.635944,0.589255,0.542536,0.499413,0.456255,0.417071,0.377847,0.342771,0.307654,0.276657,0.245619,0.218484,0.191309,0.167651,0.143956,0.123247,0.102508,0.0841071,0.0656833,0.048866,0.0320342,0.0160195,0
1,0.946361,0.892718,0.840033,0.787337,0.736503,0.68565,0.637458,0.58924,0.544334,0.499395,0.458242,0.417051,0.379921,0.34275,0.309714,0.276636,0.24757,0.218464,0.193067,0.167632,0.145449,0.123232,0.103677,0.0840955,0.0664865,0.0488587,0.0324428,0.0160171,0
1,0.946359,0.893197,0.840027,0.788268,0.736493,0.686981,0.637445,0.590896,0.544318,0.501288,0.458223,0.419081,0.379901,0.344817,0.309693,0.278642,0.24755,0.220319,0.193048,0.169258,0.145432,0.124563,0.103664,0.0850818,0.0664771,0.0494646,0.0324379,0.0162214,0
1,0.946599,0.893193,0.840733,0.78826,0.737625,0.686969,0.638938,0.590881,0.546092,0.50127,0.460185,0.419062,0.381949,0.344797,0.31173,0.278621,0.24948,0.220299,0.194788,0.16924,0.14691,0.124548,0.104822,0.0850704,0.0672732,0.0494575,0.032843,0.016219,0
1,0.946596,0.893666,0.840727,0.789179,0.737615,0.688282,0.638925,0.592515,0.546076,0.503138,0.460166,0.421067,0.381929,0.34684,0.311709,0.280605,0.24946,0.222134,0.19477,0.170849,0.146894,0.125866,0.104809,0.0860478,0.0672639,0.0500581,0.0328382,0.0164215,0
1,0.946833,0.893662,0.841422,0.789171,0.73873,0.68827,0.640398,0.5925,0.547827,0.503121,0.462103,0.421048,0.383953,0.346819,0.313722,0.280585,0.25137,0.222115,0.196492,0.170832,0.148358,0.125852,0.105957,0.0860365,0.068053,0.0500511,0.0332398,0.0164191,0
1,0.946831,0.894127,0.841416,0.790076,0.73872,0.689564,0.640385,0.594113,0.547811,0.504965,0.462084,0.423028,0.383933,0.348838,0.313702,0.282546,0.25135,0.223931,0.196473,0.172425,0.148342,0.127158,0.105944,0.087005,0.0680438,0.0506464,0.0332351,0.0166199,0
1,0.947064,0.894123,0.842102,0.790068,0.73982,0.689553,0.641838,0.594098,0.549539,0.504948,0.463996,0.423009,0.385933,0.348818,0.315692,0.282526,0.253238,0.223912,0.198178,0.172407,0.149791,0.127143,0.107081,0.0869939,0.0688257,0.0506395,0.0336331,0.0166176,0
1,0.947062,0.894583,0.842096,0.790961,0.73981,0.690829,0.641825,0.595689,0.549523,0.506768,0.463978,0.424965,0.385913,0.350812,0.315672,0.284465,0.253219,0.225708,0.19816,0.173985,0.149775,0.128436,0.107068,0.0879535,0.0688167,0.0512294,0.0336285,0.0168166,0
1,0.947291,0.894579,0.842772,0.790953,0.740895,0.690818,0.643259,0.595674,0.551228,0.50675,0.465866,0.424946,0.387889,0.350793,0.317639,0.284445,0.255087,0.225689,0.199846,0.173967,0.15121,0.128422,0.108195,0.0879425,0.0695915,0.0512226,0.034023,0.0168143,0
1,0.947289,0.895032,0.842766,0.791833,0.740886,0.692077,0.643246,0.597243,0.551212,0.508547,0.465848,0.426877,0.387869,0.352764,0.317619,0.286363,0.255067,0.227467,0.199828,0.175528,0.151195,0.129703,0.108182,0.0888932,0.0695826,0.0518072,0.0340184,0.0170115,0
1,0.947516,0.895028,0.843433,0.791826,0.741955,0.692066,0.64466,0.597229,0.552895,0.50853,0.467712,0.426859,0.38982,0.352744,0.319563,0.286343,0.256915,0.227448,0.201497,0.175511,0.152616,0.129688,0.109298,0.0888824,0.0703502,0.0518005,0.0344094,0.0170092,0
1,0.947514,0.895474,0.843427,0.792694,0.741946,0.693308,0.644647,0.598778,0.55288,0.510304,0.467694,0.428766,0.389801,0.354692,0.319544,0.288239,0.256895,0.229206,0.20148,0.177056,0.1526,0.130957,0.109285,0.0898241,0.0703414,0.0523798,0.0344049,0.0172047,0
1,0.947737,0.89547,0.844084,0.792686,0.743001,0.693297,0.646043,0.598764,0.554541,0.510287,0.469535,0.428748,0.391729,0.354672,0.321465,0.288219,0.258722,0.229187,0.203131,0.17704,0.154007,0.130943,0.11039,0.0898134,0.0711019,0.0523731,0.0347922,0.0172024,0
1,0.947735,0.895911,0.844078,0.793542,0.742991,0.694522,0.64603,0.600292,0.554525,0.512038,0.469517,0.430632,0.39171,0.356597,0.321446,0.290094,0.258703,0.230927,0.203114,0.178569,0.153991,0.132198,0.110378,0.0907462,0.0710933,0.0529471,0.0347878,0.0173961,0
1,0.947955,0.895907,0.844726,0.793535,0.744032,0.694511,0.647407,0.600278,0.556165,0.512021,0.471335,0.430614,0.393615,0.356578,0.323346,0.290075,0.26051,0.230909,0.204748,0.178552,0.155384,0.132185,0.111472,0.0907356,0.0718466,0.0529405,0.0351716,0.0173939,0
1,0.947953,0.896341,0.844721,0.794379,0.744023,0.695719,0.647394,0.601786,0.55615,0.51375,0.471318,0.432475,0.393596,0.35848,0.323326,0.291928,0.260492,0.232629,0.20473,0.180066,0.155368,0.133428,0.11146,0.0916595,0.0718381,0.0535091,0.0351672,0.0175858,0
1,0.94817,0.896337,0.84536,0.794372,0.745049,0.695708,0.648753,0.601772,0.557768,0.513734,0.473112,0.432457,0.395477,0.358461,0.325204,0.291909,0.262279,0.232611,0.206347,0.180049,0.156747,0.133414,0.112544,0.0916491,0.0725843,0.0535026,0.0355475,0.0175836,0
1,0.948169,0.896765,0.845354,0.795205,0.74504,0.696901,0.64874,0.60326,0.557753,0.51544,0.473095,0.434295,0.395459,0.360341,0.325185,0.293741,0.26226,0.234313,0.20633,0.181547,0.156732,0.134645,0.112532,0.092564,0.0725759,0.0540659,0.0355431,0.0177737,0
1,0.948383,0.896761,0.845985,0.795197,0.746053,0.69689,0.650081,0.603246,0.55935,0.515424,0.474867,0.434277,0.397318,0.360322,0.327041,0.293723,0.264027,0.234295,0.20793,0.181531,0.158096,0.134632,0.113605,0.0925538,0.0733149,0.0540595,0.0359198,0.0177716,0
1,0.948381,0.897184,0.845979,0.796019,0.746044,0.698067,0.650068,0.604715,0.559335,0.517109,0.47485,0.436093,0.3973,0.362179,0.327022,0.295534,0.264009,0.235979,0.207913,0.183013,0.158081,0.13585,0.113593,0.0934598,0.0733066,0.0546174,0.0359155,0.0179599,0
1,0.948592,0.89718,0.846601,0.796012,0.747043,0.698056,0.651391,0.604702,0.560912,0.517093,0.476601,0.436075,0.399136,0.362161,0.328857,0.295516,0.265756,0.235961,0.209496,0.182997,0.159432,0.135837,0.114655,0.0934497,0.0740386,0.0546111,0.0362886,0.0179578,0
1,0.94859,0.897597,0.846596,0.796822,0.747034,0.699217,0.651379,0.606152,0.560897,0.518756,0.476584,0.437868,0.399118,0.363996,0.328838,0.297307,0.265738,0.237626,0.209479,0.184464,0.159417,0.137043,0.114643,0.0943469,0.0740304,0.0551636,0.0362844,0.0181443,0
1,0.948798,0.897593,0.847209,0.796815,0.74802,0.699206,0.652684,0.606138,0.562454,0.518741,0.478312,0.437851,0.400932,0.363978,0.330651,0.297288,0.267466,0.237609,0.211045,0.184448,0.160754,0.13703,0.115695,0.0943369,0.0747552,0.0551574,0.036654,0.0181422,0
1,0.948796,0.898004,0.847204,0.797614,0.748011,0.700352,0.652672,0.607569,0.562439,0.520383,0.478296,0.439622,0.400915,0.365792,0.330633,0.299059,0.267448,0.239256,0.211028,0.185899,0.160739,0.138224,0.115684,0.0952252,0.0747472,0.0557046,0.0366498,0.018327,0
1,0.949002,0.898,0.847809,0.797607,0.748983,0.700341,0.653961,0.607556,0.563976,0.520368,0.480003,0.439605,0.402707,0.365774,0.332425,0.299041,0.269157,0.239238,0.212578,0.185884,0.162062,0.138211,0.116725,0.0952154,0.0754649,0.0556985,0.0370158,0.0183249,0
1,0.949,0.898406,0.847804,0.798396,0.748974,0.701472,0.653949,0.608968,0.563962,0.521989,0.479986,0.441355,0.402689,0.367566,0.332407,0.300791,0.26914,0.240867,0.212561,0.18732,0.162048,0.139393,0.116713,0.0960949,0.0754569,0.0562403,0.0370117,0.0185079,0
1,0.949203,0.898402,0.848401,0.798389,0.749934,0.701461,0.65522,0.608955,0.565479,0.521974,0.481672,0.441338,0.404461,0.367548,0.334179,0.300773,0.270829,0.24085,0.214094,0.187304,0.163357,0.139381,0.117744,0.0960852,0.0761676,0.0562343,0.0373741,0.0185058,0
1,0.949201,0.898802,0.848395,0.799167,0.749925,0.702577,0.655208,0.610349,0.565465,0.523576,0.481656,0.443066,0.404443,0.36932,0.334161,0.302504,0.270812,0.242461,0.214077,0.188725,0.163342,0.14055,0.117733,0.0969559,0.0761597,0.0567709,0.0373701,0.0186871,0
1,0.949401,0.898798,0.848985,0.79916,0.750872,0.702567,0.656463,0.610336,0.566963,0.52356,0.483321,0.44305,0.406193,0.369302,0.335912,0.302486,0.272483,0.242445,0.215593,0.18871,0.164638,0.140538,0.118753,0.0969463,0.0768634,0.0567649,0.037729,0.018685,0
1,0.949399,0.899193,0.848979,0.799928,0.750864,0.703668,0.656452,0.611713,0.566948,0.525142,0.483305,0.444757,0.406176,0.371053,0.335894,0.304197,0.272466,0.244038,0.215577,0.190115,0.164624,0.141695,0.118742,0.0978082,0.0768556,0.0572962,0.037725,0.0188645,0
1,0.949596,0.899189,0.849561,0.799921,0.751798,0.703658,0.65769,0.6117,0.568427,0.525127,0.484949,0.44474,0.407905,0.371035,0.337625,0.30418,0.274118,0.244021,0.217077,0.190101,0.165905,0.141683,0.119752,0.0977988,0.0775522,0.0572903,0.0380803,0.0188625,0
1,0.949595,0.899578,0.849555,0.800679,0.751789,0.704744,0.657679,0.613059,0.568413,0.526688,0.484933,0.446427,0.407888,0.372765,0.337607,0.305871,0.274101,0.245597,0.217061,0.191491,0.165892,0.142829,0.119741,0.098652,0.0775445,0.0578163,0.0380764,0.0190402,0
1,0.949789,0.899575,0.850129,0.800672,0.752712,0.704734,0.658902,0.613046,0.569874,0.526673,0.486558,0.446411,0.409596,0.372748,0.339318,0.305854,0.275734,0.245581,0.218544,0.191476,0.16716,0.142816,0.12074,0.0986427,0.0782341,0.0578105,0.0384282,0.0190382,0
1,0.949787,0.899959,0.850124,0.80142,0.752703,0.705807,0.65889,0.614388,0.56986,0.528216,0.486542,0.448077,0.409579,0.374457,0.339301,0.307526,0.275717,0.247139,0.218529,0.192852,0.167146,0.14395,0.120729,0.0994872,0.0782266,0.0583312,0.0384243,0.0192141,0
1,0.94998,0.899956,0.85069,0.801413,0.753613,0.705797,0.660097,0.614375,0.571302,0.528201,0.488146,0.448061,0.411267,0.37444,0.340992,0.307509,0.277333,0.247123,0.219996,0.192837,0.168401,0.143938,0.121719,0.099478,0.0789092,0.0583254,0.0387726,0.0192122,0
1,0.949978,0.900335,0.850685,0.802152,0.753605,0.706855,0.660086,0.615699,0.571288,0.529724,0.488131,0.449707,0.41125,0.376129,0.340975,0.309162,0.277316,0.248664,0.21998,0.194198,0.168388,0.14506,0.121708,0.100314,0.0789017,0.0588409,0.0387688,0.0193863,0
1,0.950167,0.900331,0.851243,0.802145,0.754503,0.706845,0.661277,0.615687,0.572712,0.529709,0.489715,0.44969,0.412918,0.376112,0.342646,0.309145,0.278913,0.248648,0.221431,0.194184,0.169629,0.145048,0.122687,0.100305,0.0795774,0.0588353,0.0391136,0.0193844,0
1,0.950166,0.900705,0.851238,0.802873,0.754495,0.70789,0.661266,0.616994,0.572698,0.531213,0.4897,0.451317,0.412901,0.377782,0.342629,0.310779,0.278897,0.250172,0.221416,0.19553,0.169616,0.146158,0.122676,0.101132,0.0795701,0.0593455,0.0391098,0.0195568,0
1,0.950353,0.900702,0.851789,0.802867,0.755382,0.707881,0.662442,0.616982,0.574104,0.531199,0.491265,0.451301,0.414549,0.377765,0.344281,0.310763,0.280476,0.250156,0.222851,0.195516,0.170844,0.146146,0.123645,0.101123,0.0802388,0.0593399,0.0394512,0.0195549,0
1,0.950351,0.901071,0.851784,0.803586,0.755374,0.708912,0.662431,0.618273,0.574091,0.532684,0.49125,0.452907,0.414533,0.379415,0.344264,0.312378,0.28046,0.251663,0.222836,0.196848,0.170831,0.147245,0.123635,0.101942,0.0802316,0.059845,0.0394474,0.0197256,0
1,0.950535,0.901068,0.852328,0.803579,0.756249,0.708902,0.663593,0.618261,0.575479,0.53267,0.492796,0.452891,0.416161,0.379398,0.345897,0.312362,0.282021,0.251648,0.224256,0.196834,0.172046,0.147233,0.124593,0.101933,0.0808935,0.0598395,0.0397853,0.0197237,0
1,0.950534,0.901432,0.852323,0.804289,0.756241,0.709921,0.663582,0.619536,0.575466,0.534137,0.492781,0.454478,0.416145,0.381029,0.34588,0.313959,0.282005,0.253138,0.224241,0.198151,0.172033,0.14832,0.124583,0.102743,0.0808863,0.0603394,0.0397816,0.0198926,0
1,0.950716,0.901428,0.85286,0.804282,0.757105,0.709911,0.664728,0.619524,0.576837,0.534123,0.494308,0.454463,0.417754,0.381012,0.347494,0.313942,0.283548,0.253123,0.225645,0.198137,0.173235,0.148308,0.125532,0.102735,0.0815414,0.060334,0.040116,0.0198908,0
1,0.950714,0.901788,0.852855,0.804982,0.757097,0.710916,0.664717,0.620782,0.576823,0.535572,0.494293,0.456031,0.417738,0.382624,0.347477,0.315521,0.283533,0.254596,0.22563,0.19944,0.173223,0.149383,0.125521,0.103536,0.0815343,0.0608287,0.0401124,0.020058,0
1,0.950894,0.901785,0.853385,0.804976,0.757949,0.710907,0.665849,0.62077,0.578177,0.535558,0.495801,0.456015,0.419327,0.382608,0.349072,0.315505,0.285059,0.254581,0.227018,0.199426,0.174412,0.149372,0.12646,0.103528,0.0821826,0.0608233,0.0404433,0.0200562,0
1,0.950892,0.90214,0.85338,0.805667,0.757941,0.711899,0.665839,0.622013,0.578164,0.536989,0.495787,0.457564,0.419311,0.3842,0.349056,0.317066,0.285043,0.256038,0.227004,0.200715,0.174399,0.150436,0.12645,0.104321,0.0821756,0.061313,0.0404398,0.0202217,0
1,0.95107,0.902136,0.853903,0.805661,0.758783,0.71189,0.666956,0.622001,0.579501,0.536976,0.497277,0.457549,0.420882,0.384184,0.350633,0.31705,0.286552,0.256023,0.228377,0.200701,0.175575,0.150424,0.127379,0.104313,0.0828171,0.0613077,0.0407673,0.0202199,0
1,0.951068,0.902487,0.853899,0.806343,0.758775,0.71287,0.666946,0.623229,0.579489,0.538389,0.497262,0.459079,0.420866,0.385757,0.350617,0.318592,0.286537,0.257464,0.228362,0.201976,0.175563,0.151477,0.127369,0.105098,0.0828102,0.0617922,0.0407638,0.0203837,0
1,0.951243,0.902483,0.854415,0.806337,0.759607,0.712861,0.668049,0.623217,0.580809,0.538375,0.498734,0.459064,0.422418,0.385742,0.352175,0.318577,0.288028,0.257449,0.22972,0.201963,0.176726,0.151466,0.128287,0.105089,0.083445,0.061787,0.0410879,0.0203819,0
1,0.951242,0.902829,0.85441,0.807011,0.759599,0.713828,0.668039,0.624429,0.580796,0.539772,0.49872,0.460576,0.422403,0.387297,0.352159,0.320102,0.288013,0.258874,0.229706,0.203223,0.176714,0.152507,0.128278,0.105866,0.0834382,0.0622665,0.0410844,0.020544,0
1,0.951415,0.902826,0.85492,0.807005,0.760419,0.713819,0.669129,0.624418,0.5821,0.539758,0.500174,0.460561,0.423937,0.387281,0.353699,0.320086,0.289488,0.25886,0.231049,0.20321,0.177865,0.152496,0.129187,0.105858,0.0840663,0.0622613,0.0414052,0.0205422,0
1,0.951413,0.903167,0.854915,0.80767,0.760412,0.714774,0.669118,0.625615,0.582088,0.541137,0.50016,0.462055,0.423921,0.388818,0.353684,0.321594,0.289473,0.260268,0.231035,0.204457,0.177853,0.153526,0.129177,0.106626,0.0840596,0.0627358,0.0414018,0.0207026,0
1,0.951584,0.903164,0.855419,0.807663,0.761222,0.714765,0.670194,0.625603,0.583376,0.541124,0.501596,0.462041,0.425437,0.388802,0.355206,0.321578,0.290931,0.260254,0.232363,0.204444,0.178991,0.153515,0.130076,0.106618,0.0846811,0.0627307,0.0417192,0.0207009,0
1,0.951582,0.903501,0.855414,0.80832,0.761214,0.715708,0.670184,0.626785,0.583363,0.542486,0.501582,0.463516,0.425421,0.390321,0.35519,0.323068,0.290916,0.261647,0.232349,0.205677,0.178979,0.154534,0.130067,0.107379,0.0846745,0.0632001,0.0417158,0.0208596,0
1,0.951751,0.903498,0.855911,0.808314,0.762014,0.715699,0.671247,0.626774,0.584636,0.542473,0.503001,0.463502,0.426919,0.390306,0.356695,0.323053,0.292358,0.261632,0.233662,0.205664,0.180105,0.154523,0.130956,0.107371,0.0852894,0.0631951,0.0420299,0.0208579,0
1,0.951749,0.903831,0.855906,0.808962,0.762007,0.71663,0.671236,0.627941,0.584623,0.543818,0.502987,0.46496,0.426904,0.391807,0.35668,0.324526,0.292343,0.26301,0.233648,0.206884,0.180094,0.155531,0.130947,0.108123,0.0852828,0.0636596,0.0420265,0.0210149,0
1,0.951915,0.903827,0.856396,0.808956,0.762796,0.716621,0.672286,0.62793,0.58588,0.543805,0.504389,0.464946,0.428383,0.391792,0.358166,0.324511,0.293768,0.262996,0.234947,0.206871,0.181207,0.15552,0.131827,0.108115,0.0858912,0.0636547,0.0423373,0.0210133,0
1,0.951914,0.904156,0.856392,0.809596,0.762789,0.717541,0.672276,0.629083,0.585868,0.545134,0.504375,0.466386,0.428369,0.393275,0.358151,0.325967,0.293753,0.264357,0.234933,0.208077,0.181196,0.156517,0.131818,0.108859,0.0858847,0.0641142,0.042334,0.0211686,0
1,0.952078,0.904153,0.856876,0.80959,0.763569,0.717532,0.673312,0.629072,0.587109,0.545121,0.50576,0.466372,0.429831,0.39326,0.359621,0.325952,0.295162,0.264343,0.236217,0.208064,0.182297,0.156507,0.132688,0.108851,0.0864866,0.0641094,0.0426414,0.021167,0
1,0.952076,0.904477,0.856872,0.810222,0.763561,0.71844,0.673302,0.63021,0.587097,0.546434,0.505747,0.467795,0.429816,0.394726,0.359606,0.327392,0.295148,0.26569,0.236204,0.209257,0.182285,0.157493,0.132679,0.109587,0.0864802,0.064564,0.0426382,0.0213207,0
1,0.952239,0.904474,0.85735,0.810216,0.764331,0.718432,0.674325,0.630199,0.588322,0.546422,0.507115,0.467781,0.431261,0.394711,0.361059,0.327377,0.296541,0.265676,0.237473,0.209245,0.183375,0.157482,0.13354,0.10958,0.0870757,0.0645592,0.0429424,0.0213191,0
1,0.952237,0.904794,0.857345,0.810841,0.764324,0.719328,0.674315,0.631324,0.58831,0.547719,0.507102,0.469188,0.431246,0.39616,0.361044,0.3288,0.296526,0.267007,0.23746,0.210424,0.183363,0.158457,0.133531,0.110308,0.0870694,0.065009,0.0429391,0.0214712,0
1,0.952397,0.904791,0.857817,0.810835,0.765084,0.71932,0.675326,0.631313,0.589521,0.547706,0.508453,0.469174,0.432674,0.396145,0.36248,0.328785,0.297903,0.266993,0.238716,0.210412,0.184441,0.158447,0.134383,0.1103,0.0876584,0.0650043,0.0432401,0.0214696,0
1,0.952396,0.905107,0.857813,0.811451,0.765077,0.720205,0.675316,0.632424,0.589509,0.548987,0.50844,0.470563,0.43266,0.397577,0.362465,0.330192,0.297889,0.268309,0.238703,0.211578,0.184429,0.159412,0.134374,0.11102,0.0876522,0.0654493,0.0432369,0.0216201,0
1,0.952554,0.905104,0.858279,0.811445,0.765828,0.720197,0.676314,0.632413,0.590705,0.548975,0.509775,0.47055,0.43407,0.397562,0.363884,0.330177,0.29925,0.268296,0.239944,0.211566,0.185495,0.159402,0.135216,0.111013,0.0882349,0.0654445,0.0435347,0.0216185,0
1,0.952552,0.905416,0.858275,0.812054,0.765821,0.721071,0.676305,0.63351,0.590694,0.55024,0.509762,0.471923,0.434056,0.398977,0.36387,0.331567,0.299237,0.269597,0.239931,0.212719,0.185484,0.160355,0.135207,0.111725,0.0882287,0.0658848,0.0435315,0.0217673,0
1,0.952708,0.905413,0.858735,0.812048,0.766562,0.721063,0.677291,0.633499,0.591875,0.550228,0.511082,0.471909,0.43545,0.398963,0.365272,0.331553,0.300582,0.269584,0.241158,0.212707,0.186537,0.160346,0.13604,0.111718,0.0888051,0.0658801,0.043826,0.0217658,0
1,0.952707,0.905722,0.858731,0.812649,0.766555,0.721927,0.677281,0.634583,0.591864,0.551478,0.511069,0.473266,0.435436,0.400361,0.365258,0.332927,0.300569,0.27087,0.241146,0.213848,0.186526,0.161289,0.136032,0.112423,0.088799,0.0663156,0.0438229,0.021913,0
1,0.952861,0.905719,0.859185,0.812643,0.767288,0.721918,0.678255,0.634572,0.593031,0.551466,0.512372,0.473252,0.436813,0.400347,0.366644,0.332913,0.301899,0.270857,0.242359,0.213836,0.187568,0.161279,0.136856,0.112415,0.0893692,0.066311,0.0441143,0.0219115,0
1,0.952859,0.906023,0.859181,0.813236,0.767281,0.722771,0.678245,0.635643,0.593019,0.552701,0.512359,0.474593,0.4368,0.401729,0.36663,0.334271,0.301885,0.272129,0.242347,0.214964,0.187558,0.162212,0.136847,0.113113,0.0893632,0.0667417,0.0441112,0.0220572,0
1,0.953011,0.90602,0.85963,0.813231,0.768004,0.722763,0.679207,0.635632,0.594172,0.552689,0.513647,0.474579,0.438161,0.401715,0.368,0.334258,0.3032,0.272116,0.243546,0.214952,0.188588,0.162202,0.137662,0.113105,0.0899271,0.0667372,0.0443994,0.0220556,0
1,0.95301,0.906321,0.859625,0.813817,0.767997,0.723605,0.679198,0.636689,0.594161,0.55391,0.513634,0.475904,0.438147,0.40308,0.367986,0.3356,0.303187,0.273373,0.243534,0.216067,0.188577,0.163125,0.137654,0.113795,0.0899212,0.0671633,0.0443964,0.0221997,0
1,0.95316,0.906318,0.860069,0.813811,0.768711,0.723597,0.680147,0.636679,0.595299,0.553898,0.514907,0.475891,0.439492,0.403067,0.36934,0.335587,0.304487,0.27336,0.24472,0.216056,0.189596,0.163116,0.13846,0.113788,0.090479,0.0671588,0.0446815,0.0221982,0
1,0.953159,0.906614,0.860064,0.81439,0.768704,0.724429,0.680138,0.637723,0.595288,0.555103,0.514894,0.477199,0.439479,0.404416,0.369327,0.336913,0.304473,0.274603,0.244708,0.217158,0.189586,0.164028,0.138452,0.114469,0.0904732,0.0675803,0.0446785,0.0223408,0
1,0.953307,0.906612,0.860502,0.814384,0.76941,0.724421,0.681076,0.637713,0.596413,0.555091,0.516151,0.477186,0.440808,0.404403,0.370665,0.3369,0.305758,0.274591,0.245881,0.217147,0.190593,0.164019,0.139249,0.114462,0.0910249,0.0675758,0.0449605,0.0223393,0
1,0.953306,0.906905,0.860498,0.814956,0.769403,0.725243,0.681067,0.638745,0.596402,0.556282,0.516139,0.47848,0.440795,0.405736,0.370651,0.338212,0.305745,0.27582,0.245869,0.218237,0.190583,0.164921,0.13924,0.115137,0.0910191,0.0679927,0.0449575,0.0224803,0
1,0.953452,0.906902,0.86093,0.81495,0.770099,0.725235,0.681994,0.638735,0.597514,0.556271,0.517381,0.478467,0.442108,0.405723,0.371974,0.338198,0.307016,0.275807,0.247028,0.218226,0.191579,0.164912,0.140029,0.11513,0.0915647,0.0679883,0.0452365,0.0224788,0
1,0.953451,0.907191,0.860926,0.815515,0.770093,0.726047,0.681985,0.639754,0.597503,0.557447,0.517369,0.479744,0.442095,0.407041,0.371961,0.339495,0.307003,0.277022,0.247016,0.219304,0.191569,0.165804,0.140021,0.115797,0.091559,0.0684006,0.0452335,0.0226182,0
1,0.953596,0.907189,0.861353,0.815509,0.770781,0.726039,0.6829,0.639744,0.5986,0.557436,0.518596,0.479732,0.443393,0.407028,0.373268,0.339482,0.308258,0.27701,0.248163,0.219293,0.192554,0.165795,0.1408,0.11579,0.0920987,0.0683963,0.0455094,0.0226168,0
1,0.953594,0.907474,0.861349,0.816067,0.770774,0.72684,0.682891,0.64075,0.59859,0.558598,0.518584,0.480994,0.44338,0.40833,0.373255,0.340763,0.308246,0.278211,0.248151,0.220358,0.192544,0.166677,0.140792,0.11645,0.0920931,0.0688041,0.0455065,0.0227547,0
1,0.953737,0.907472,0.861771,0.816061,0.771454,0.726833,0.683795,0.64074,0.599674,0.558587,0.519796,0.480982,0.444662,0.408317,0.374547,0.34075,0.309487,0.278198,0.249284,0.220347,0.193518,0.166668,0.141563,0.116443,0.0926268,0.0687998,0.0457794,0.0227533,0
1,0.953736,0.907754,0.861767,0.816612,0.771447,0.727625,0.683787,0.641735,0.599664,0.559735,0.519784,0.482229,0.444649,0.409604,0.374534,0.342017,0.309474,0.279386,0.249273,0.221401,0.193508,0.16754,0.141555,0.117095,0.0926212,0.0692031,0.0457765,0.0228897,0
1,0.953877,0.907751,0.862183,0.816607,0.772118,0.727617,0.68468,0.641725,0.600735,0.559724,0.520982,0.482217,0.445917,0.409592,0.375811,0.342004,0.310701,0.279374,0.250393,0.22139,0.194471,0.167531,0.142318,0.117088,0.0931491,0.0691989,0.0460464,0.0228883,0
1,0.953876,0.90803,0.862179,0.817151,0.772112,0.728399,0.684671,0.642707,0.600724,0.560859,0.52097,0.48345,0.445904,0.410864,0.375798,0.343256,0.310689,0.280547,0.250382,0.222432,0.194461,0.168394,0.14231,0.117733,0.0931436,0.0695977,0.0460436,0.0230232,0
1,0.954015,0.908027,0.86259,0.817145,0.772775,0.728391,0.685553,0.642698,0.601783,0.560847,0.522154,0.483437,0.447157,0.410851,0.37706,0.343243,0.311902,0.280535,0.25149,0.222421,0.195413,0.168385,0.143064,0.117727,0.0936656,0.0695936,0.0463105,0.0230218,0
1,0.954014,0.908303,0.862586,0.817683,0.772768,0.729164,0.685545,0.643668,0.601773,0.561969,0.522142,0.484655,0.447144,0.412108,0.377047,0.344481,0.311889,0.281696,0.251478,0.223451,0.195403,0.169238,0.143056,0.118365,0.0936601,0.069988,0.0463077,0.0231552,0
1,0.954151,0.9083,0.862993,0.817677,0.773423,0.729156,0.686416,0.643659,0.602818,0.561957,0.523312,0.484643,0.448382,0.412096,0.378294,0.344468,0.313088,0.281684,0.252574,0.223441,0.196345,0.16923,0.143802,0.118358,0.0941764,0.0699839,0.0465716,0.0231538,0
1,0.95415,0.908572,0.862989,0.818208,0.773417,0.72992,0.686408,0.644617,0.602808,0.563065,0.5233,0.485847,0.448369,0.413338,0.378282,0.345691,0.313076,0.282831,0.252562,0.224459,0.196335,0.170073,0.143794,0.118989,0.094171,0.070374,0.0465689,0.0232858,0
1,0.954286,0.908569,0.86339,0.818203,0.774064,0.729912,0.687268,0.644608,0.603841,0.563054,0.524456,0.485835,0.449593,0.413326,0.379515,0.345679,0.314261,0.282819,0.253645,0.224449,0.197266,0.170065,0.144531,0.118982,0.0946815,0.0703699,0.0468299,0.0232844,0
1,0.954285,0.908838,0.863386,0.818727,0.774058,0.730666,0.68726,0.645555,0.603831,0.564149,0.524445,0.487024,0.44958,0.414554,0.379502,0.346888,0.314249,0.283953,0.253634,0.225456,0.197257,0.170899,0.144524,0.119606,0.0946762,0.0707557,0.0468272,0.023415,0
1,0.954419,0.908835,0.863782,0.818722,0.774696,0.730659,0.68811,0.645545,0.604852,0.564138,0.525586,0.487012,0.450789,0.414541,0.380721,0.346876,0.31542,0.283942,0.254704,0.225445,0.198177,0.17089,0.145252,0.1196,0.095181,0.0707517,0.0470853,0.0234136,0
1,0.954418,0.909101,0.863779,0.819239,0.77469,0.731403,0.688102,0.646481,0.604842,0.565219,0.525575,0.488188,0.450777,0.415755,0.380709,0.348071,0.315409,0.285062,0.254693,0.226441,0.198168,0.171715,0.145245,0.120217,0.0951758,0.0711332,0.0470826,0.0235427,0
1,0.95455,0.909098,0.86417,0.819234,0.775321,0.731396,0.688942,0.646472,0.60585,0.565208,0.526703,0.488176,0.451971,0.415743,0.381913,0.348059,0.316567,0.285051,0.255752,0.226431,0.199078,0.171706,0.145966,0.12021,0.095675,0.0711292,0.0473379,0.0235413,0
1,0.954549,0.90936,0.864166,0.819746,0.775315,0.732132,0.688934,0.647396,0.60584,0.566277,0.526692,0.489337,0.451959,0.416942,0.381901,0.34924,0.316555,0.286159,0.255741,0.227415,0.199068,0.172522,0.145958,0.12082,0.0956698,0.0715064,0.0473353,0.023669,0
1,0.95468,0.909358,0.864553,0.819741,0.775939,0.732125,0.689764,0.647387,0.606836,0.566266,0.527807,0.489326,0.45314,0.41693,0.383091,0.349228,0.317699,0.286148,0.256787,0.227405,0.199968,0.172513,0.146671,0.120814,0.0961634,0.0715025,0.0475877,0.0236676,0
1,0.954679,0.909617,0.864549,0.820246,0.775933,0.732851,0.689756,0.6483,0.606827,0.567322,0.527796,0.490473,0.453128,0.418115,0.383079,0.350395,0.317688,0.287243,0.256776,0.228378,0.199959,0.17332,0.146664,0.121417,0.0961583,0.0718755,0.0475851,0.0237938,0
1,0.954808,0.909614,0.864931,0.820241,0.776549,0.732844,0.690576,0.648291,0.607811,0.567311,0.528898,0.490462,0.454294,0.418103,0.384255,0.350383,0.318819,0.287232,0.25781,0.228368,0.200849,0.173311,0.147368,0.121411,0.0966464,0.0718717,0.0478347,0.0237925,0
1,0.954807,0.90987,0.864928,0.82074,0.776543,0.733562,0.690568,0.649193,0.607801,0.568354,0.528887,0.491596,0.454283,0.419275,0.384243,0.351537,0.318808,0.288315,0.2578,0.229329,0.200839,0.174109,0.147361,0.122007,0.0966414,0.0722405,0.0478321,0.0239173,0
1,0.954935,0.909867,0.865305,0.820735,0.777151,0.733555,0.691378,0.649185,0.608774,0.568344,0.529975,0.491585,0.455435,0.419263,0.385406,0.351525,0.319926,0.288304,0.258822,0.22932,0.201719,0.1741,0.148058,0.122001,0.097124,0.0722367,0.0480789,0.0239161,0
1,0.954934,0.91012,0.865301,0.821228,0.777145,0.734264,0.69137,0.650076,0.608764,0.569374,0.529964,0.492705,0.455424,0.420421,0.385394,0.352666,0.319915,0.289374,0.258812,0.230271,0.20171,0.174888,0.148051,0.122591,0.097119,0.0726015,0.0480764,0.0240395,0
1,0.95506,0.910117,0.865674,0.821223,0.777746,0.734257,0.69217,0.650067,0.609725,0.569364,0.53104,0.492694,0.456563,0.420409,0.386543,0.352654,0.32102,0.289363,0.259822,0.230261,0.20258,0.17488,0.14874,0.122585,0.0975962,0.0725977,0.0483205,0.0240382,0
1,0.955059,0.910367,0.86567,0.82171,0.77774,0.734958,0.692162,0.650948,0.609716,0.570382,0.531029,0.493801,0.456552,0.421553,0.386532,0.353782,0.321009,0.290421,0.259812,0.231201,0.202571,0.17566,0.148733,0.123168,0.0975913,0.0729583,0.0483179,0.0241602,0
1,0.955183,0.910364,0.866038,0.821705,0.778334,0.734951,0.692953,0.650939,0.610665,0.570372,0.532092,0.49379,0.457677,0.421542,0.387667,0.35377,0.322101,0.29041,0.260811,0.231191,0.20343,0.175652,0.149414,0.123162,0.0980632,0.0729546,0.0485593,0.024159,0
1,0.955182,0.910611,0.866035,0.822186,0.778328,0.735644,0.692945,0.651809,0.610656,0.571378,0.532081,0.494885,0.457666,0.422672,0.387656,0.354884,0.32209,0.291456,0.260801,0.232121,0.203421,0.176422,0.149407,0.123738,0.0980583,0.0733112,0.0485568,0.0242796,0
1,0.955305,0.910609,0.866399,0.822182,0.778915,0.735637,0.693726,0.6518,0.611594,0.571369,0.533132,0.494874,0.458778,0.422661,0.388778,0.354873,0.32317,0.291446,0.261788,0.232111,0.204271,0.176414,0.15008,0.123733,0.0985249,0.0733076,0.0487954,0.0242784,0
1,0.955304,0.910852,0.866395,0.822657,0.778909,0.736321,0.693719,0.65266,0.611584,0.572363,0.533121,0.495955,0.458767,0.423778,0.388767,0.355974,0.323159,0.292479,0.261778,0.23303,0.204263,0.177176,0.150073,0.124303,0.0985201,0.0736601,0.048793,0.0243977,0
1,0.955426,0.91085,0.866754,0.822652,0.779489,0.736314,0.69449,0.652652,0.612511,0.572353,0.534159,0.495944,0.459867,0.423767,0.389876,0.355963,0.324227,0.292469,0.262755,0.233021,0.205103,0.177168,0.150739,0.124297,0.0989814,0.0736565,0.0490289,0.0243965,0
1,0.955425,0.91109,0.866751,0.823122,0.779483,0.736989,0.694483,0.653501,0.612502,0.573335,0.534148,0.497013,0.459856,0.424872,0.389865,0.357052,0.324216,0.293491,0.262745,0.233929,0.205094,0.177921,0.150732,0.12486,0.0989766,0.0740051,0.0490265,0.0245145,0
1,0.955545,0.911088,0.867106,0.823117,0.780056,0.736983,0.695245,0.653492,0.613418,0.573325,0.535174,0.497002,0.460942,0.42486,0.390962,0.357041,0.325271,0.29348,0.26371,0.233919,0.205925,0.177913,0.151391,0.124854,0.0994327,0.0740016,0.0492598,0.0245133,0
1,0.955544,0.911326,0.867102,0.823581,0.78005,0.73765,0.695238,0.654332,0.613409,0.574296,0.535164,0.498058,0.460931,0.425952,0.390951,0.358116,0.32526,0.29449,0.2637,0.234817,0.205916,0.178658,0.151384,0.125412,0.099428,0.0743463,0.0492574,0.0246299,0
1,0.955663,0.911323,0.867453,0.823576,0.780616,0.737644,0.695991,0.654323,0.614314,0.574286,0.536177,0.498047,0.462005,0.425941,0.392034,0.358106,0.326303,0.29448,0.264654,0.234808,0.206738,0.17865,0.152035,0.125406,0.099879,0.0743427,0.0494881,0.0246287,0
1,0.955662,0.911558,0.86745,0.824034,0.78061,0.738303,0.695983,0.655152,0.614305,0.575245,0.536167,0.499091,0.461994,0.42702,0.392023,0.359169,0.326293,0.295479,0.264644,0.235696,0.206729,0.179386,0.152028,0.125957,0.0998743,0.0746835,0.0494857,0.024744,0
1,0.955779,0.911556,0.867796,0.82403,0.781169,0.738297,0.696728,0.655144,0.615199,0.575236,0.537168,0.499081,0.463055,0.427009,0.393094,0.359158,0.327324,0.295469,0.265587,0.235687,0.207541,0.179379,0.152671,0.125951,0.10032,0.07468,0.0497138,0.0247429,0
1,0.955778,0.911788,0.867793,0.824482,0.781163,0.738948,0.69672,0.655963,0.61519,0.576183,0.537158,0.500112,0.463045,0.428075,0.393083,0.360209,0.327313,0.296455,0.265578,0.236564,0.207533,0.180106,0.152665,0.126496,0.100316,0.075017,0.0497114,0.0248569,0
1,0.955894,0.911785,0.868135,0.824478,0.781715,0.738942,0.697456,0.655955,0.616073,0.576174,0.538148,0.500101,0.464093,0.428064,0.394142,0.360198,0.328332,0.296445,0.26651,0.236555,0.208335,0.180099,0.153301,0.12649,0.100756,0.0750135,0.0499369,0.0248557,0
1,0.955893,0.912014,0.868132,0.824925,0.78171,0.739586,0.697449,0.656765,0.616065,0.57711,0.538138,0.50112,0.464083,0.429117,0.394131,0.361237,0.328322,0.297421,0.2665,0.237422,0.208327,0.180818,0.153295,0.127029,0.100752,0.0753467,0.0499346,0.0249685,0
1,0.956007,0.912012,0.86847,0.824921,0.782255,0.739579,0.698175,0.656757,0.616938,0.577101,0.539115,0.50111,0.465119,0.429107,0.395177,0.361227,0.329329,0.297411,0.267422,0.237414,0.20912,0.180811,0.153923,0.127023,0.101188,0.0753433,0.0501576,0.0249673,0
1,0.956006,0.912238,0.868466,0.825363,0.78225,0.740215,0.698168,0.657556,0.616929,0.578026,0.539106,0.502117,0.465109,0.430148,0.395167,0.362253,0.329319,0.298375,0.267412,0.238271,0.209112,0.181522,0.153917,0.127556,0.101183,0.0756726,0.0501553,0.0250788,0
1,0.956119,0.912236,0.868801,0.825358,0.782789,0.740209,0.698886,0.657548,0.617791,0.578017,0.540072,0.502107,0.466133,0.430138,0.396201,0.362243,0.330314,0.298366,0.268323,0.238262,0.209896,0.181515,0.154539,0.12755,0.101614,0.0756693,0.0503757,0.0250776,0
1,0.956118,0.91246,0.868797,0.825795,0.782784,0.740837,0.698879,0.658339,0.617783,0.578932,0.540062,0.503102,0.466122,0.431167,0.39619,0.363257,0.330304,0.299319,0.268314,0.23911,0.209888,0.182218,0.154532,0.128076,0.10161,0.0759949,0.0503734,0.0251879,0
1,0.95623,0.912458,0.869127,0.82579,0.783316,0.740831,0.699588,0.658331,0.618635,0.578923,0.541017,0.503092,0.467134,0.431156,0.397212,0.363247,0.331288,0.299309,0.269214,0.239101,0.210664,0.18221,0.155147,0.128071,0.102036,0.0759916,0.0505914,0.0251867,0
1,0.956229,0.912679,0.869124,0.826222,0.783311,0.741452,0.699581,0.659112,0.618627,0.579826,0.541007,0.504076,0.467124,0.432173,0.397202,0.36425,0.331278,0.300251,0.269205,0.239939,0.210656,0.182905,0.155141,0.128591,0.102031,0.0763135,0.0505891,0.0252957,0
1,0.956339,0.912676,0.86945,0.826217,0.783837,0.741446,0.700282,0.659104,0.619469,0.579817,0.541951,0.504066,0.468124,0.432163,0.398212,0.36424,0.332251,0.300242,0.270095,0.23993,0.211422,0.182898,0.155748,0.128586,0.102452,0.0763102,0.0508046,0.0252946,0
1,0.956338,0.912895,0.869447,0.826643,0.783832,0.742059,0.700275,0.659875,0.61946,0.58071,0.541941,0.505038,0.468114,0.433168,0.398201,0.365231,0.332241,0.301173,0.270086,0.240759,0.211414,0.183585,0.155742,0.1291,0.102448,0.0766285,0.0508024,0.0254023,0
1,0.956447,0.912893,0.869769,0.826639,0.784351,0.742053,0.700967,0.659868,0.620293,0.580701,0.542874,0.505028,0.469103,0.433158,0.3992,0.365221,0.333202,0.301163,0.270966,0.24075,0.212172,0.183578,0.156343,0.129095,0.102864,0.0766252,0.0510154,0.0254012,0
